path,status,reason
expansion\dog_entropion\test_D0_0366e0a5-60a5-11ec-8402-0a7404972c70_jpg.rf.KqlK78HDcFP59LE6eBLN.jpg,ok,
expansion\dog_entropion\test_D0_36a6468b-60a5-11ec-8402-0a7404972c70_jpg.rf.8nDTvRsYNrowFp7jvN79.jpg,ok,
expansion\dog_entropion\test_D10_0368d75b-60a5-11ec-8402-0a7404972c70_jpg.rf.7wx49BfJr6yy2MeFOEll.jpg,ok,
expansion\dog_entropion\test_D10_0c454d4b-60a5-11ec-8402-0a7404972c70_png.rf.wohXikDvtBGvPjwORvIW.png,ok,
expansion\dog_entropion\test_D10_0e641109-60a5-11ec-8402-0a7404972c70_jpg.rf.hnilWHYGMlVXLVwt0UH3.jpg,ok,
expansion\dog_entropion\test_D10_247cc0cf-60a5-11ec-8402-0a7404972c70_jpg.rf.edTkMQzYrKrCEwAZG5e3.jpg,flagged,likely_blurry (var=24.2)
expansion\dog_entropion\test_D10_29d68853-60a5-11ec-8402-0a7404972c70_jpg.rf.nOCbBLA85r8F9WfDXNfE.jpg,ok,
expansion\dog_entropion\test_D10_29f5997c-60a5-11ec-8402-0a7404972c70_jpg.rf.Brc0vvVfqdzIwSMSIu2N.jpg,ok,
expansion\dog_entropion\test_D11_03657529-60a5-11ec-8402-0a7404972c70_jpg.rf.94Xqh59KO41BOXThu8pB.jpg,ok,
expansion\dog_entropion\test_D11_0e624f18-60a5-11ec-8402-0a7404972c70_jpg.rf.4NxaXKSZ1koIGyvgsO7F.jpg,ok,
expansion\dog_entropion\test_D13_3341e200-60a5-11ec-8402-0a7404972c70_jpg.rf.hyOd9nTD6zymZZWkthYh.jpg,ok,
expansion\dog_entropion\test_D14_0e45c8d5-60a5-11ec-8402-0a7404972c70_jpg.rf.zCW326TgJeZ9JmQ66cX8.jpg,ok,
expansion\dog_entropion\test_D14_0e5e70a9-60a5-11ec-8402-0a7404972c70_jpg.rf.N0AOt0OmekUM2UBa4La9.jpg,ok,
expansion\dog_entropion\test_D16_0e412226-60a5-11ec-8402-0a7404972c70_jpg.rf.vkdWkyszAD22D9faITFc.jpg,ok,
expansion\dog_entropion\test_D17_0e4a8687-60a5-11ec-8402-0a7404972c70_jpg.rf.yNO3aTubrIeGAXL1UVAl.jpg,ok,
expansion\dog_entropion\test_D17_0e62ee20-60a5-11ec-8402-0a7404972c70_jpg.rf.Cd1OWYO5lMZqc09KNE13.jpg,ok,
expansion\dog_entropion\test_D17_0e7cfd9a-60a5-11ec-8402-0a7404972c70_jpg.rf.oxoEoE8Xlh20PDJvWB1T.jpg,flagged,likely_blurry (var=27.8)
expansion\dog_entropion\test_D19_0e5696da-60a5-11ec-8402-0a7404972c70_jpg.rf.1fqv9BofggLtr23UfI3w.jpg,ok,
expansion\dog_entropion\test_D20_0e5c073f-60a5-11ec-8402-0a7404972c70_jpg.rf.pD9JvB0ILdQatdyMjqcO.jpg,ok,
expansion\dog_entropion\test_D22_036cde43-60a5-11ec-8402-0a7404972c70_jpg.rf.jicOJrVuPO0ztSbwHyDb.jpg,flagged,likely_blurry (var=25.4)
expansion\dog_entropion\test_D22_0e448539-60a5-11ec-8402-0a7404972c70_jpg.rf.62yeHhW5Oz7m2kpJ15Ua.jpg,ok,
expansion\dog_entropion\test_D24_03624c55-60a5-11ec-8402-0a7404972c70_jpg.rf.MVElEUCZ5lbcfTbbfNUO.jpg,ok,
expansion\dog_entropion\test_D24_2e2bb2a6-60a5-11ec-8402-0a7404972c70_jpg.rf.RjOlimiw7bKwjNLrg5HH.jpg,ok,
expansion\dog_entropion\test_D25_0e409a45-60a5-11ec-8402-0a7404972c70_jpg.rf.MG0Erdhkh7XcEDFSZZZB.jpg,ok,
expansion\dog_entropion\test_D25_0e55dcd0-60a5-11ec-8402-0a7404972c70_jpg.rf.P2yxQhhxHLktEbo7n8HG.jpg,ok,
expansion\dog_entropion\test_D28_0366e939-60a5-11ec-8402-0a7404972c70_jpg.rf.R3I0XqHLNRogDYviAPfc.jpg,ok,
expansion\dog_entropion\test_D29_0e554857-60a5-11ec-8402-0a7404972c70_jpg.rf.xiQRGOHJjivqTmLIkQny.jpg,ok,
expansion\dog_entropion\test_D29_36a59099-60a5-11ec-8402-0a7404972c70_jpg.rf.P6yTVvjaseLn6G07JjLi.jpg,ok,
expansion\dog_entropion\test_D31_03655b12-60a5-11ec-8402-0a7404972c70_jpg.rf.6o1LznrEz8jBICE5IGjL.jpg,ok,
expansion\dog_entropion\test_D31_0e5e1ccd-60a5-11ec-8402-0a7404972c70_jpg.rf.r80vfrNSuy5KeEZAUJbX.jpg,ok,
expansion\dog_entropion\test_D31_0e6000e4-60a5-11ec-8402-0a7404972c70_jpg.rf.xtyE2ydv89LyawYPJdk6.jpg,ok,
expansion\dog_entropion\test_D31_33591d88-60a5-11ec-8402-0a7404972c70_jpg.rf.8FgTcYerIfj7K9EhZYlS.jpg,flagged,likely_blurry (var=20.9)
expansion\dog_entropion\test_D32_0e42053f-60a5-11ec-8402-0a7404972c70_jpg.rf.BF63wWPPLhjCAvXrfVRO.jpg,ok,
expansion\dog_entropion\test_D33_0e708f86-60a5-11ec-8402-0a7404972c70_jpg.rf.MCVyhnh4b38lBkCjarTJ.jpg,ok,
expansion\dog_entropion\test_D34_03681930-60a5-11ec-8402-0a7404972c70_jpg.rf.mOUf73XIiGt9hZM5rH1h.jpg,ok,
expansion\dog_entropion\test_D34_335e6beb-60a5-11ec-8402-0a7404972c70_jpg.rf.gMSeVLVEm5SBXWVN6G6p.jpg,flagged,likely_blurry (var=29.0)
expansion\dog_entropion\test_D3_0e5888ca-60a5-11ec-8402-0a7404972c70_jpg.rf.BffAQGP3CEfYvtuBM2Gb.jpg,ok,
expansion\dog_entropion\test_D3_0e5ffc0b-60a5-11ec-8402-0a7404972c70_jpg.rf.HnTLZgFW5dfaXS5ckoku.jpg,ok,
expansion\dog_entropion\test_D4_0e7f4b2f-60a5-11ec-8402-0a7404972c70_jpg.rf.DlogRCxODKLkRU3b4goe.jpg,ok,
expansion\dog_entropion\test_D5_03c851ab-60a5-11ec-8402-0a7404972c70_png.rf.BpWQXDbKICG7bOQxtDbm.png,ok,
expansion\dog_entropion\test_D5_29ee9656-60a5-11ec-8402-0a7404972c70_jpg.rf.hPXOtP8sYqXZCQNP18MR.jpg,ok,
expansion\dog_entropion\test_D6_03d67515-60a5-11ec-8402-0a7404972c70_png.rf.VAlGNuLJxlmOYLAaElFi.png,ok,
expansion\dog_entropion\test_D6_0bfe9165-60a5-11ec-8402-0a7404972c70_png.rf.Juxp4eLmwKLaKTmLEoZ7.png,ok,
expansion\dog_entropion\test_D6_29b6cebd-60a5-11ec-8402-0a7404972c70_jpg.rf.vorqjMx4Gql7JFvT9GJV.jpg,ok,
expansion\dog_entropion\test_D6_29f09c5f-60a5-11ec-8402-0a7404972c70_jpg.rf.VgstbvanVEhsxBhdaknw.jpg,ok,
expansion\dog_entropion\test_D8_245f4b40-60a5-11ec-8402-0a7404972c70_jpg.rf.GPcEGJdSADqpCfuKvpmU.jpg,ok,
expansion\dog_entropion\test_D8_29f6181d-60a5-11ec-8402-0a7404972c70_jpg.rf.fEcu5bYjjxnjSfV8g9Ln.jpg,ok,
expansion\dog_entropion\test_D9_245d8388-60a5-11ec-8402-0a7404972c70_jpg.rf.rrr67kgkKwYzzw10xeyl.jpg,ok,
expansion\dog_entropion\test_D9_29f057a8-60a5-11ec-8402-0a7404972c70_jpg.rf.ed1NFf8ulmjBIpdTOqVm.jpg,ok,
expansion\dog_entropion\test_D9_29f5c6f3-60a5-11ec-8402-0a7404972c70_jpg.rf.6oGWsyzUYJwqC5kkvmYN.jpg,ok,
expansion\dog_entropion\train_D0_0e433ff7-60a5-11ec-8402-0a7404972c70_jpg.rf.Sp3WtaWjEykyXWRnnlJn.jpg,ok,
expansion\dog_entropion\train_D0_0e459089-60a5-11ec-8402-0a7404972c70_jpg.rf.1n6Tb0gn53BWvohwnFs4.jpg,ok,
expansion\dog_entropion\train_D0_0e45eff0-60a5-11ec-8402-0a7404972c70_jpg.rf.D1rERJMSgbDzrhAL4QVA.jpg,ok,
expansion\dog_entropion\train_D0_0e4babfc-60a5-11ec-8402-0a7404972c70_jpg.rf.bvIlA7uFa2hwblluFC0t.jpg,ok,
expansion\dog_entropion\train_D0_0e4cbe60-60a5-11ec-8402-0a7404972c70_jpg.rf.kemLTprFaiyUckmaCb8a.jpg,ok,
expansion\dog_entropion\train_D0_0e4f7134-60a5-11ec-8402-0a7404972c70_jpg.rf.7YrStNNYXqROt2U0DM5j.jpg,ok,
expansion\dog_entropion\train_D0_0e53b3df-60a5-11ec-8402-0a7404972c70_jpg.rf.Klobe65vzgZz4c07Cha1.jpg,ok,
expansion\dog_entropion\train_D0_0e58416f-60a5-11ec-8402-0a7404972c70_jpg.rf.ip5gpIV6NhcddN6LrWMD.jpg,ok,
expansion\dog_entropion\train_D0_0e618478-60a5-11ec-8402-0a7404972c70_jpg.rf.7rhe9VS60aZWZQAMNb15.jpg,ok,
expansion\dog_entropion\train_D0_0e641655-60a5-11ec-8402-0a7404972c70_jpg.rf.Em6VJxN0NSo4fUugfpef.jpg,ok,
expansion\dog_entropion\train_D0_0e655cad-60a5-11ec-8402-0a7404972c70_jpg.rf.06SAwsb1roiDwmzhiyAM.jpg,ok,
expansion\dog_entropion\train_D0_0e734bc6-60a5-11ec-8402-0a7404972c70_jpg.rf.PeuORsjcgMcFBLhiWFD6.jpg,ok,
expansion\dog_entropion\train_D0_2f1e975c-60a5-11ec-8402-0a7404972c70_jpg.rf.THLZ4BZNXmTKuDQJEaf7.jpg,flagged,likely_blurry (var=14.1)
expansion\dog_entropion\train_D0_30bc265d-60a5-11ec-8402-0a7404972c70_jpg.rf.mlTMzpVXbOrzcoWxpD1G.jpg,ok,
expansion\dog_entropion\train_D0_36a68ffe-60a5-11ec-8402-0a7404972c70_jpg.rf.xBHNP6QG9fnMrKrnbwM0.jpg,ok,
expansion\dog_entropion\train_D10_0363c30f-60a5-11ec-8402-0a7404972c70_jpg.rf.AQGONAq6AsJ1rRaO0qjh.jpg,ok,
expansion\dog_entropion\train_D10_036cbfb8-60a5-11ec-8402-0a7404972c70_jpg.rf.Eyr6T2D19TpvONVSktMb.jpg,ok,
expansion\dog_entropion\train_D10_03d37696-60a5-11ec-8402-0a7404972c70_png.rf.sivtivW39dKafrgHLgHY.png,ok,
expansion\dog_entropion\train_D10_0c2967f8-60a5-11ec-8402-0a7404972c70_png.rf.xyueF0szDzs2Zt44fGQO.png,ok,
expansion\dog_entropion\train_D10_0c5f60e5-60a5-11ec-8402-0a7404972c70_png.rf.kNJ3UqmpZGPub8gydjvd.png,ok,
expansion\dog_entropion\train_D10_0c6c1bbc-60a5-11ec-8402-0a7404972c70_png.rf.0VIYwoqk2RQZ40jvthEY.png,ok,
expansion\dog_entropion\train_D10_0c6ddb00-60a5-11ec-8402-0a7404972c70_png.rf.s2tSK87NBE5kd1Gd2FqU.png,ok,
expansion\dog_entropion\train_D10_0e429b95-60a5-11ec-8402-0a7404972c70_jpg.rf.2zme80iEHMRKS5B7nOPf.jpg,ok,
expansion\dog_entropion\train_D10_0e44755a-60a5-11ec-8402-0a7404972c70_jpg.rf.uruYYPJPpdhnvoGYTdTl.jpg,ok,
expansion\dog_entropion\train_D10_0e57297e-60a5-11ec-8402-0a7404972c70_jpg.rf.Eg1bGveR0boVMgTYfW7t.jpg,ok,
expansion\dog_entropion\train_D10_0e5f5f48-60a5-11ec-8402-0a7404972c70_jpg.rf.ZyYwguKdgTgRe4PO5DgM.jpg,ok,
expansion\dog_entropion\train_D10_0e750f45-60a5-11ec-8402-0a7404972c70_jpg.rf.Wm948Tx1vFbOg6bYBdZw.jpg,flagged,likely_blurry (var=23.9)
expansion\dog_entropion\train_D10_245b3bf7-60a5-11ec-8402-0a7404972c70_jpg.rf.0Ljpp6oirMFcb5jFH1FF.jpg,ok,
expansion\dog_entropion\train_D10_299c0465-60a5-11ec-8402-0a7404972c70_jpg.rf.JNh17yWuhzwqH2KyvMsV.jpg,ok,
expansion\dog_entropion\train_D10_29b9dad9-60a5-11ec-8402-0a7404972c70_jpg.rf.90XRF1AxyLojgCAo9qEv.jpg,ok,
expansion\dog_entropion\train_D10_2e2d157c-60a5-11ec-8402-0a7404972c70_jpg.rf.YF4YEV5B6hscH1LucExs.jpg,ok,
expansion\dog_entropion\train_D10_32857c65-60a5-11ec-8402-0a7404972c70_jpg.rf.VdH8wHdyAdxlqTOHov64.jpg,ok,
expansion\dog_entropion\train_D10_333d23bc-60a5-11ec-8402-0a7404972c70_jpg.rf.Fd1p42nwwHvqwyxsX0XG.jpg,ok,
expansion\dog_entropion\train_D10_3342815b-60a5-11ec-8402-0a7404972c70_jpg.rf.20UijeOA4bbnY2J73LDM.jpg,ok,
expansion\dog_entropion\train_D10_3359fc3c-60a5-11ec-8402-0a7404972c70_jpg.rf.93SmZYyaBipPIZzc7iNx.jpg,flagged,likely_blurry (var=23.9)
expansion\dog_entropion\train_D11_0369cb07-60a5-11ec-8402-0a7404972c70_jpg.rf.cP1GZLIcDnuUmuvL3AlG.jpg,ok,
expansion\dog_entropion\train_D11_0e46f696-60a5-11ec-8402-0a7404972c70_jpg.rf.pneqSRPcOtEUc3EhQimc.jpg,ok,
expansion\dog_entropion\train_D11_0e4e16be-60a5-11ec-8402-0a7404972c70_jpg.rf.PuN94Z8bZsn1ujouymJi.jpg,ok,
expansion\dog_entropion\train_D11_0e587158-60a5-11ec-8402-0a7404972c70_jpg.rf.kXsZ4pee0VFlC19yj9U3.jpg,ok,
expansion\dog_entropion\train_D11_0e6576ed-60a5-11ec-8402-0a7404972c70_jpg.rf.jhSsDEhfrbHdiTfU0agp.jpg,ok,
expansion\dog_entropion\train_D11_0e69cc30-60a5-11ec-8402-0a7404972c70_jpg.rf.TG1ZXaLVOdbYqxh4XJIT.jpg,flagged,likely_blurry (var=26.3)
expansion\dog_entropion\train_D11_0e70d569-60a5-11ec-8402-0a7404972c70_jpg.rf.1mDvn5OsShEMWDp7oXDd.jpg,flagged,likely_blurry (var=21.3)
expansion\dog_entropion\train_D11_333d62b0-60a5-11ec-8402-0a7404972c70_jpg.rf.tRANrrWIPVqwU8Vhpz5F.jpg,ok,
expansion\dog_entropion\train_D11_333de0c4-60a5-11ec-8402-0a7404972c70_jpg.rf.aD0VXZNvJKgItfHWCJFg.jpg,ok,
expansion\dog_entropion\train_D12_03639391-60a5-11ec-8402-0a7404972c70_jpg.rf.hFrmegvPkfs08GitmYEJ.jpg,ok,
expansion\dog_entropion\train_D12_0368ccbc-60a5-11ec-8402-0a7404972c70_jpg.rf.xxbwkVI7G5Kcw5nQzTAG.jpg,ok,
expansion\dog_entropion\train_D12_0e45b5c1-60a5-11ec-8402-0a7404972c70_jpg.rf.dQlXQM8QxEXPeryEqb58.jpg,ok,
expansion\dog_entropion\train_D12_0e4a7cb2-60a5-11ec-8402-0a7404972c70_jpg.rf.VSogaPsqlCbhqLhVUdK2.jpg,ok,
expansion\dog_entropion\train_D12_0e4ec13e-60a5-11ec-8402-0a7404972c70_jpg.rf.0VpFa1T56Mt4c5xbm3YM.jpg,ok,
expansion\dog_entropion\train_D12_0e5656c9-60a5-11ec-8402-0a7404972c70_jpg.rf.XvR9ydT7fXNn9H7fk2XK.jpg,ok,
expansion\dog_entropion\train_D12_0e57a663-60a5-11ec-8402-0a7404972c70_jpg.rf.9KlLi5iYOZFweO4BIq0h.jpg,ok,
expansion\dog_entropion\train_D12_0e5a615b-60a5-11ec-8402-0a7404972c70_jpg.rf.vh45jkVGPF99AAAqPzGL.jpg,ok,
expansion\dog_entropion\train_D12_0e602537-60a5-11ec-8402-0a7404972c70_jpg.rf.CcXXfvoCiaz7ipLzZdp6.jpg,ok,
expansion\dog_entropion\train_D12_0e622a09-60a5-11ec-8402-0a7404972c70_jpg.rf.pz2dyN8otfgiKZYqyFyV.jpg,ok,
expansion\dog_entropion\train_D12_0e6d3c6d-60a5-11ec-8402-0a7404972c70_jpg.rf.ZMjhcvXorRyUklgG1ZNk.jpg,flagged,likely_blurry (var=25.7)
expansion\dog_entropion\train_D12_2e29bc63-60a5-11ec-8402-0a7404972c70_jpg.rf.nLVSwIlFOWXGarKoC6IU.jpg,flagged,likely_blurry (var=16.5)
expansion\dog_entropion\train_D12_333d4bca-60a5-11ec-8402-0a7404972c70_jpg.rf.d5W1otQzRKbTbdZoN1OW.jpg,ok,
expansion\dog_entropion\train_D12_36a6eb75-60a5-11ec-8402-0a7404972c70_jpg.rf.Czid7Cl1ybH6bdiU8z1E.jpg,ok,
expansion\dog_entropion\train_D13_03658395-60a5-11ec-8402-0a7404972c70_jpg.rf.SrIdOrEsQDCUJ9801OMs.jpg,ok,
expansion\dog_entropion\train_D13_0e42aafa-60a5-11ec-8402-0a7404972c70_jpg.rf.0Agcgz6EiKOKRilbQXI9.jpg,ok,
expansion\dog_entropion\train_D13_0e4bbaf2-60a5-11ec-8402-0a7404972c70_jpg.rf.57Jevz8Hv0fkoX6FxBVz.jpg,ok,
expansion\dog_entropion\train_D13_0e56cb58-60a5-11ec-8402-0a7404972c70_jpg.rf.MGRoJrgK7OfbEHO1azqA.jpg,ok,
expansion\dog_entropion\train_D13_0e5e2770-60a5-11ec-8402-0a7404972c70_jpg.rf.lqF4sREUSYgGbagNsOAR.jpg,ok,
expansion\dog_entropion\train_D13_0e5e3ff9-60a5-11ec-8402-0a7404972c70_jpg.rf.401ponrMBYP3AQFkhaFd.jpg,ok,
expansion\dog_entropion\train_D13_0e5ef681-60a5-11ec-8402-0a7404972c70_jpg.rf.3JwbWYn7Be4CbPr1xAsQ.jpg,ok,
expansion\dog_entropion\train_D13_0e60c79c-60a5-11ec-8402-0a7404972c70_jpg.rf.2WCOS1Lz7fFCGB0o59ri.jpg,ok,
expansion\dog_entropion\train_D13_0e62251d-60a5-11ec-8402-0a7404972c70_jpg.rf.O9iBudFRhw702FXGj9Oa.jpg,ok,
expansion\dog_entropion\train_D13_0e70688d-60a5-11ec-8402-0a7404972c70_jpg.rf.ufm6UY3gRv3lK57j7Dmb.jpg,flagged,likely_blurry (var=29.2)
expansion\dog_entropion\train_D13_0e79604e-60a5-11ec-8402-0a7404972c70_jpg.rf.abe3DsG7ON2XycwBHvAY.jpg,ok,
expansion\dog_entropion\train_D13_333dc996-60a5-11ec-8402-0a7404972c70_jpg.rf.IooOgHkXmxW1mjIjtS4X.jpg,ok,
expansion\dog_entropion\train_D13_333e0870-60a5-11ec-8402-0a7404972c70_jpg.rf.pjumalu80XBUZewy6uAL.jpg,ok,
expansion\dog_entropion\train_D13_36a6db30-60a5-11ec-8402-0a7404972c70_jpg.rf.K3KdfBLNotDCXSEaTgu1.jpg,ok,
expansion\dog_entropion\train_D14_0369c404-60a5-11ec-8402-0a7404972c70_jpg.rf.SsPuz02ZWwFAP6JEhBPB.jpg,ok,
expansion\dog_entropion\train_D14_0e449e53-60a5-11ec-8402-0a7404972c70_jpg.rf.FnJdGMTktHRb5saZ1VGz.jpg,ok,
expansion\dog_entropion\train_D14_0e474b19-60a5-11ec-8402-0a7404972c70_jpg.rf.AzoGGmV9nXZ6wxMutkYw.jpg,ok,
expansion\dog_entropion\train_D14_0e4a65d5-60a5-11ec-8402-0a7404972c70_jpg.rf.s81QzRBqf8TU8ElSE31e.jpg,ok,
expansion\dog_entropion\train_D14_0e4bc041-60a5-11ec-8402-0a7404972c70_jpg.rf.cDDC5KbRGnKAWSLiZRZD.jpg,ok,
expansion\dog_entropion\train_D14_0e4ccd30-60a5-11ec-8402-0a7404972c70_jpg.rf.pdZqETkOWlOazsmXssEM.jpg,ok,
expansion\dog_entropion\train_D14_0e4f9e98-60a5-11ec-8402-0a7404972c70_jpg.rf.Ytv00N2PQELZoENbulDp.jpg,ok,
expansion\dog_entropion\train_D14_0e57689a-60a5-11ec-8402-0a7404972c70_jpg.rf.85QzXbfJeSDvajbiGp5y.jpg,ok,
expansion\dog_entropion\train_D14_0e58c44c-60a5-11ec-8402-0a7404972c70_jpg.rf.vz0FkHZduOm7anSUqvVJ.jpg,ok,
expansion\dog_entropion\train_D14_0e61148b-60a5-11ec-8402-0a7404972c70_jpg.rf.v0Rw8eBwdAlicBXoKoDW.jpg,ok,
expansion\dog_entropion\train_D14_0e624a14-60a5-11ec-8402-0a7404972c70_jpg.rf.tL6uPckT4pOkIH5pQmMs.jpg,ok,
expansion\dog_entropion\train_D14_36a60763-60a5-11ec-8402-0a7404972c70_jpg.rf.VE8wJIJJ4qxtdujPHIx8.jpg,ok,
expansion\dog_entropion\train_D15_0368afcd-60a5-11ec-8402-0a7404972c70_jpg.rf.DPZ5K7uTdx3jG0Vbm65J.jpg,ok,
expansion\dog_entropion\train_D15_0368e9b5-60a5-11ec-8402-0a7404972c70_jpg.rf.Xw3rt4rJinEtCiQTFhxQ.jpg,ok,
expansion\dog_entropion\train_D15_0e43ea0b-60a5-11ec-8402-0a7404972c70_jpg.rf.BFIMHy1WgTMVYfoyZRPj.jpg,ok,
expansion\dog_entropion\train_D15_0e51a999-60a5-11ec-8402-0a7404972c70_jpg.rf.3AeLsUehrWTobuPCsZcN.jpg,ok,
expansion\dog_entropion\train_D15_0e539a40-60a5-11ec-8402-0a7404972c70_jpg.rf.ATkF8w1Elpz8hOKrmrAo.jpg,ok,
expansion\dog_entropion\train_D15_0e57a17c-60a5-11ec-8402-0a7404972c70_jpg.rf.Sf3GQY1WZislzUqIpAJA.jpg,ok,
expansion\dog_entropion\train_D15_0e5dfdde-60a5-11ec-8402-0a7404972c70_jpg.rf.2nBJIm8hsy3bTHLl48NZ.jpg,ok,
expansion\dog_entropion\train_D15_0e5fba1d-60a5-11ec-8402-0a7404972c70_jpg.rf.bk6D2PLrFR9y6GAySB8j.jpg,ok,
expansion\dog_entropion\train_D15_0e606de0-60a5-11ec-8402-0a7404972c70_jpg.rf.U4XchCzRHjPKtN8mHK27.jpg,ok,
expansion\dog_entropion\train_D15_0e61283e-60a5-11ec-8402-0a7404972c70_jpg.rf.uuu0M2PvCbsFoMH9C6Ex.jpg,ok,
expansion\dog_entropion\train_D15_0e69c756-60a5-11ec-8402-0a7404972c70_jpg.rf.849gYeR7Z0iAK74GZWmh.jpg,flagged,likely_blurry (var=29.6)
expansion\dog_entropion\train_D15_2ed3a067-60a5-11ec-8402-0a7404972c70_jpg.rf.sigO8NiTww56JQQKHpqy.jpg,flagged,likely_blurry (var=18.0)
expansion\dog_entropion\train_D15_31c8cb3f-60a5-11ec-8402-0a7404972c70_jpg.rf.hTlCcsy1cCsbjeW3Ep9g.jpg,ok,
expansion\dog_entropion\train_D15_334255db-60a5-11ec-8402-0a7404972c70_jpg.rf.Sk3A0sEQ1e9flpkulA7K.jpg,ok,
expansion\dog_entropion\train_D15_3d93e65f-60a5-11ec-8402-0a7404972c70_jpg.rf.c0WFwcFNLob9G5qt1taC.jpg,ok,
expansion\dog_entropion\train_D16_0369f354-60a5-11ec-8402-0a7404972c70_jpg.rf.q7wOLyxxFcJ7zLZYFvKa.jpg,ok,
expansion\dog_entropion\train_D16_0e46034a-60a5-11ec-8402-0a7404972c70_jpg.rf.E5B60o23KLDSo9pnxCbj.jpg,ok,
expansion\dog_entropion\train_D16_0e4e3534-60a5-11ec-8402-0a7404972c70_jpg.rf.HFtFjENKYn5MZmI0b9Wv.jpg,ok,
expansion\dog_entropion\train_D16_0e4f3764-60a5-11ec-8402-0a7404972c70_jpg.rf.sUBdotd6imKjL040aUxJ.jpg,ok,
expansion\dog_entropion\train_D16_0e59b01b-60a5-11ec-8402-0a7404972c70_jpg.rf.QCAId5D5Z4w2LpNKBWVq.jpg,ok,
expansion\dog_entropion\train_D16_0e5a8a0a-60a5-11ec-8402-0a7404972c70_jpg.rf.FDKRsixOjywUwQvJWVR7.jpg,ok,
expansion\dog_entropion\train_D16_0e5d80f0-60a5-11ec-8402-0a7404972c70_jpg.rf.Yc2z8aiENCLCArCGKuPn.jpg,ok,
expansion\dog_entropion\train_D16_0e5e44cc-60a5-11ec-8402-0a7404972c70_jpg.rf.hYOooYLoHfUZ669wTUTp.jpg,ok,
expansion\dog_entropion\train_D16_0e5fc402-60a5-11ec-8402-0a7404972c70_jpg.rf.ytl5NJCGJQ8xMLVX37O9.jpg,ok,
expansion\dog_entropion\train_D16_0e6035cf-60a5-11ec-8402-0a7404972c70_jpg.rf.vbJbh4B0ZqLoWQWEDB8F.jpg,ok,
expansion\dog_entropion\train_D16_0e6174ab-60a5-11ec-8402-0a7404972c70_jpg.rf.HpEuPc2x7efEMLwQmr0H.jpg,ok,
expansion\dog_entropion\train_D16_31c8f9be-60a5-11ec-8402-0a7404972c70_jpg.rf.SvwoCA5oFfyp4BPrHNyG.jpg,ok,
expansion\dog_entropion\train_D16_333defab-60a5-11ec-8402-0a7404972c70_jpg.rf.D9LyJWsdZqLQtKk4up1u.jpg,ok,
expansion\dog_entropion\train_D16_36a67ffa-60a5-11ec-8402-0a7404972c70_jpg.rf.gLTHQ0xxRWWP12HrTkHl.jpg,ok,
expansion\dog_entropion\train_D16_36ad802f-60a5-11ec-8402-0a7404972c70_jpg.rf.X31dMOslRxnOCtmZrCpg.jpg,ok,
expansion\dog_entropion\train_D17_0363bc6b-60a5-11ec-8402-0a7404972c70_jpg.rf.tru2W7J91BdD58o63hBl.jpg,ok,
expansion\dog_entropion\train_D17_0368f39a-60a5-11ec-8402-0a7404972c70_jpg.rf.BIt7bHLDqGqKcvGvFK6i.jpg,ok,
expansion\dog_entropion\train_D17_036cd717-60a5-11ec-8402-0a7404972c70_jpg.rf.ySLlVywqAPXKMN5XVRDs.jpg,flagged,likely_blurry (var=24.8)
expansion\dog_entropion\train_D17_0e42e2c7-60a5-11ec-8402-0a7404972c70_jpg.rf.fdWGaWpgai5C89mG21Wd.jpg,ok,
expansion\dog_entropion\train_D17_0e4356b1-60a5-11ec-8402-0a7404972c70_jpg.rf.EL69OCrF5PBQvXzVYtED.jpg,ok,
expansion\dog_entropion\train_D17_0e44602c-60a5-11ec-8402-0a7404972c70_jpg.rf.nvKj0yBe82btAJJ4ZwrI.jpg,ok,
expansion\dog_entropion\train_D17_0e458b97-60a5-11ec-8402-0a7404972c70_jpg.rf.VPoy2l6GtNdAlynuv5yk.jpg,ok,
expansion\dog_entropion\train_D17_0e4f7622-60a5-11ec-8402-0a7404972c70_jpg.rf.VIKUBp71unt4gLlobR9r.jpg,ok,
expansion\dog_entropion\train_D17_0e4f7b17-60a5-11ec-8402-0a7404972c70_jpg.rf.OOpG5i7OjxyKipHSolt0.jpg,ok,
expansion\dog_entropion\train_D17_0e59f1b8-60a5-11ec-8402-0a7404972c70_jpg.rf.Ja96X9eU0gxY11PUwT3Y.jpg,ok,
expansion\dog_entropion\train_D17_0e5e3114-60a5-11ec-8402-0a7404972c70_jpg.rf.o2VZ6mkuoocUDnLYxVmN.jpg,ok,
expansion\dog_entropion\train_D17_0e5eb2d5-60a5-11ec-8402-0a7404972c70_jpg.rf.0PkZnG0IoB2QSAlg2Vdf.jpg,ok,
expansion\dog_entropion\train_D17_0e5fb53c-60a5-11ec-8402-0a7404972c70_jpg.rf.rR8rFtAcMEscrhU401TY.jpg,ok,
expansion\dog_entropion\train_D17_0e613384-60a5-11ec-8402-0a7404972c70_jpg.rf.EcMreEewDyFTKqhikpBB.jpg,flagged,likely_blurry (var=27.4)
expansion\dog_entropion\train_D17_0e617a4d-60a5-11ec-8402-0a7404972c70_jpg.rf.j7DEcZTAYXcZOEwMSwtZ.jpg,ok,
expansion\dog_entropion\train_D17_0e61a4df-60a5-11ec-8402-0a7404972c70_jpg.rf.8b5giiMssiTpczZn9RTF.jpg,ok,
expansion\dog_entropion\train_D17_0e62d9cd-60a5-11ec-8402-0a7404972c70_jpg.rf.ylM1DKZGfmlTrK6Cjp6K.jpg,ok,
expansion\dog_entropion\train_D17_0e6a94a4-60a5-11ec-8402-0a7404972c70_jpg.rf.iKLslQsNMhJGaTGX2mVL.jpg,flagged,likely_blurry (var=8.7)
expansion\dog_entropion\train_D17_0e7a3c90-60a5-11ec-8402-0a7404972c70_jpg.rf.oXtUQ00zaY4QMZZKt8XG.jpg,flagged,likely_blurry (var=29.8)
expansion\dog_entropion\train_D17_0e7ff786-60a5-11ec-8402-0a7404972c70_jpg.rf.E0hctQFtxfEFocDETKbq.jpg,flagged,likely_blurry (var=28.0)
expansion\dog_entropion\train_D17_333d1ad4-60a5-11ec-8402-0a7404972c70_jpg.rf.XSD6q9tDUmFYkd5kui1L.jpg,ok,
expansion\dog_entropion\train_D17_36a5789d-60a5-11ec-8402-0a7404972c70_jpg.rf.K1lk2QjGCWukiqixdtyY.jpg,ok,
expansion\dog_entropion\train_D17_36ad0b03-60a5-11ec-8402-0a7404972c70_jpg.rf.ZZLsuGq5H2btL7UYzawk.jpg,ok,
expansion\dog_entropion\train_D18_0e41549d-60a5-11ec-8402-0a7404972c70_jpg.rf.ddcDaEqfPmiXYS2red8M.jpg,ok,
expansion\dog_entropion\train_D18_0e42205a-60a5-11ec-8402-0a7404972c70_jpg.rf.fXe1ALC5DdPc7LWcynef.jpg,ok,
expansion\dog_entropion\train_D18_0e46ba89-60a5-11ec-8402-0a7404972c70_jpg.rf.0NJL0clMyIx2NeYaYCPK.jpg,ok,
expansion\dog_entropion\train_D18_0e59ddd9-60a5-11ec-8402-0a7404972c70_jpg.rf.HfBUpnmGQHWSybue3Vs0.jpg,ok,
expansion\dog_entropion\train_D18_0e5cc8a3-60a5-11ec-8402-0a7404972c70_jpg.rf.nuKyUGAgS5FQjHkZT1fR.jpg,ok,
expansion\dog_entropion\train_D18_0e5e080c-60a5-11ec-8402-0a7404972c70_jpg.rf.wT5mwHJKpTFe1ep18pVw.jpg,ok,
expansion\dog_entropion\train_D18_0e5eecd0-60a5-11ec-8402-0a7404972c70_jpg.rf.FT0f34kF3KC2R5H25ufn.jpg,ok,
expansion\dog_entropion\train_D18_0e5fc95e-60a5-11ec-8402-0a7404972c70_jpg.rf.HWXHieM1MgxUBGKUDFI5.jpg,ok,
expansion\dog_entropion\train_D18_0e62c46e-60a5-11ec-8402-0a7404972c70_jpg.rf.MTyusb6qJ9exrKjUqKu2.jpg,ok,
expansion\dog_entropion\train_D18_0e62f2f0-60a5-11ec-8402-0a7404972c70_jpg.rf.iTXYUuBnszkgKLZaOv1x.jpg,ok,
expansion\dog_entropion\train_D18_33595b8f-60a5-11ec-8402-0a7404972c70_jpg.rf.JaZdfUdqW7FyLDFlwZoi.jpg,flagged,likely_blurry (var=11.6)
expansion\dog_entropion\train_D18_335bd0fa-60a5-11ec-8402-0a7404972c70_jpg.rf.69CEvsKcfaRxw0ngvto3.jpg,flagged,likely_blurry (var=28.5)
expansion\dog_entropion\train_D18_36a65e2b-60a5-11ec-8402-0a7404972c70_jpg.rf.FyhhgMNkhq0s81x1eGj4.jpg,ok,
expansion\dog_entropion\train_D19_03634cd0-60a5-11ec-8402-0a7404972c70_jpg.rf.4h2DYkaVoeRy1N5Xb9Lt.jpg,ok,
expansion\dog_entropion\train_D19_0e55c322-60a5-11ec-8402-0a7404972c70_jpg.rf.XEsEFCWOBSpXJv5Wb2u9.jpg,ok,
expansion\dog_entropion\train_D19_0e5a801d-60a5-11ec-8402-0a7404972c70_jpg.rf.9woSsUUBDDEo29tExbtA.jpg,ok,
expansion\dog_entropion\train_D19_0e5e154e-60a5-11ec-8402-0a7404972c70_jpg.rf.VMw89f3mMFkkJxiWU4sc.jpg,ok,
expansion\dog_entropion\train_D19_0e65712a-60a5-11ec-8402-0a7404972c70_jpg.rf.23mfHPoPbCrI8q0dCW94.jpg,ok,
expansion\dog_entropion\train_D19_0e808f85-60a5-11ec-8402-0a7404972c70_jpg.rf.ECjGYcGZx9pd9bV1VALe.jpg,flagged,likely_blurry (var=25.0)
expansion\dog_entropion\train_D19_2e2db78d-60a5-11ec-8402-0a7404972c70_jpg.rf.EZ72aIB8rdLKXeLTet2c.jpg,flagged,likely_blurry (var=26.3)
expansion\dog_entropion\train_D19_36ad6fc7-60a5-11ec-8402-0a7404972c70_jpg.rf.HypoW2L1jverPZoLJzQV.jpg,ok,
expansion\dog_entropion\train_D1_0e4131f0-60a5-11ec-8402-0a7404972c70_jpg.rf.gdoWK4ybHa3Esjm5cc2C.jpg,ok,
expansion\dog_entropion\train_D1_0e457991-60a5-11ec-8402-0a7404972c70_jpg.rf.N3P973rgu4ie84vljexP.jpg,ok,
expansion\dog_entropion\train_D1_0e45de60-60a5-11ec-8402-0a7404972c70_jpg.rf.291N4oACa3B7dLa4c6YR.jpg,ok,
expansion\dog_entropion\train_D1_0e5eb7f4-60a5-11ec-8402-0a7404972c70_jpg.rf.KT2WGlo5UbvWvxvGpXUT.jpg,ok,
expansion\dog_entropion\train_D1_0e65528d-60a5-11ec-8402-0a7404972c70_jpg.rf.OKwDZvvFjXvYMogyI8UY.jpg,ok,
expansion\dog_entropion\train_D1_2e29c173-60a5-11ec-8402-0a7404972c70_jpg.rf.zmolnC2Wj8bOZQzBLeTx.jpg,flagged,likely_blurry (var=17.9)
expansion\dog_entropion\train_D1_2f1e7f9c-60a5-11ec-8402-0a7404972c70_jpg.rf.6ut0qFXLPNyG9CPUY5I1.jpg,flagged,likely_blurry (var=12.5)
expansion\dog_entropion\train_D20_0365490d-60a5-11ec-8402-0a7404972c70_jpg.rf.pV3K4jxMLMlZumcIjvA2.jpg,ok,
expansion\dog_entropion\train_D20_0e42b97b-60a5-11ec-8402-0a7404972c70_jpg.rf.D1anThXMO8qb8o6Hixt9.jpg,ok,
expansion\dog_entropion\train_D20_0e439bde-60a5-11ec-8402-0a7404972c70_jpg.rf.2MEmNP5Xayan8mpWXtP7.jpg,ok,
expansion\dog_entropion\train_D20_0e43fe51-60a5-11ec-8402-0a7404972c70_jpg.rf.AWqTjLYtv5xgKx4BmxVR.jpg,ok,
expansion\dog_entropion\train_D20_0e4e2188-60a5-11ec-8402-0a7404972c70_jpg.rf.1xVCXrFiNhkT3snmelRg.jpg,ok,
expansion\dog_entropion\train_D20_0e5995da-60a5-11ec-8402-0a7404972c70_jpg.rf.CmP801TKzKyPRXUm2S3S.jpg,ok,
expansion\dog_entropion\train_D20_0e5d9c35-60a5-11ec-8402-0a7404972c70_jpg.rf.PP3VIwg5KHqOtHUDc3N2.jpg,ok,
expansion\dog_entropion\train_D20_0e5ddf17-60a5-11ec-8402-0a7404972c70_jpg.rf.L1oWnsJoELFzFxJcQ2p1.jpg,ok,
expansion\dog_entropion\train_D20_0e614298-60a5-11ec-8402-0a7404972c70_jpg.rf.aknifQN9Gl8Se9hNpuLV.jpg,ok,
expansion\dog_entropion\train_D20_0e62b00f-60a5-11ec-8402-0a7404972c70_jpg.rf.iiW0qYKiTPVot6HgByHX.jpg,flagged,likely_blurry (var=23.5)
expansion\dog_entropion\train_D20_2e2b75e5-60a5-11ec-8402-0a7404972c70_jpg.rf.tS6rvLq1z0N3wp7N5e4Q.jpg,ok,
expansion\dog_entropion\train_D20_3345a335-60a5-11ec-8402-0a7404972c70_jpg.rf.kDyOGViTSEZHvVmUipGy.jpg,ok,
expansion\dog_entropion\train_D20_335e9969-60a5-11ec-8402-0a7404972c70_jpg.rf.XBfCE0SzC8GecndtVK4Z.jpg,flagged,likely_blurry (var=25.6)
expansion\dog_entropion\train_D21_03667f0e-60a5-11ec-8402-0a7404972c70_jpg.rf.nYhnQwUehIHxJ9JrD0E3.jpg,ok,
expansion\dog_entropion\train_D21_0e45d957-60a5-11ec-8402-0a7404972c70_jpg.rf.Gu1GUq2GBejrSwpqpVOA.jpg,ok,
expansion\dog_entropion\train_D21_0e4b3afa-60a5-11ec-8402-0a7404972c70_jpg.rf.Ks0jfdkICqe3A0lVhIed.jpg,ok,
expansion\dog_entropion\train_D21_0e4bd467-60a5-11ec-8402-0a7404972c70_jpg.rf.txEHvGpfZMfsKRvZbuaj.jpg,ok,
expansion\dog_entropion\train_D21_0e4cc349-60a5-11ec-8402-0a7404972c70_jpg.rf.wSpcqp7r8XsxJ70FkWEb.jpg,ok,
expansion\dog_entropion\train_D21_0e57ad87-60a5-11ec-8402-0a7404972c70_jpg.rf.ZVgDw5ZG2XXw1toMP9vW.jpg,ok,
expansion\dog_entropion\train_D21_0e5802fe-60a5-11ec-8402-0a7404972c70_jpg.rf.6zPDHEucqtJZ9Kxd5akd.jpg,ok,
expansion\dog_entropion\train_D21_0e5ed2a2-60a5-11ec-8402-0a7404972c70_jpg.rf.KS5jEsbxFZhuRIbIw0pN.jpg,ok,
expansion\dog_entropion\train_D21_0e6122f2-60a5-11ec-8402-0a7404972c70_jpg.rf.L5VojSN1O5ZoHAia9jua.jpg,ok,
expansion\dog_entropion\train_D21_0e62639e-60a5-11ec-8402-0a7404972c70_jpg.rf.GUOySlh54Z5zdFcmio4g.jpg,ok,
expansion\dog_entropion\train_D21_0e646e62-60a5-11ec-8402-0a7404972c70_jpg.rf.M1kfAlvJcSZ0soEmQEDD.jpg,ok,
expansion\dog_entropion\train_D21_0e6524fc-60a5-11ec-8402-0a7404972c70_jpg.rf.rC0GSwHhvQQYyvdRn5Ef.jpg,ok,
expansion\dog_entropion\train_D21_36ae7f61-60a5-11ec-8402-0a7404972c70_jpg.rf.FbXwfoHWmQ7tt5e9UnA2.jpg,ok,
expansion\dog_entropion\train_D21_3d941693-60a5-11ec-8402-0a7404972c70_jpg.rf.qpGigUBkOaZ5Y6BxuKU7.jpg,ok,
expansion\dog_entropion\train_D22_0363d784-60a5-11ec-8402-0a7404972c70_jpg.rf.kpLNlTkJAgrFg5N6CEU0.jpg,ok,
expansion\dog_entropion\train_D22_03673a85-60a5-11ec-8402-0a7404972c70_jpg.rf.fn1iZ4h2HTF3O8StQ0Ng.jpg,ok,
expansion\dog_entropion\train_D22_0e42a54e-60a5-11ec-8402-0a7404972c70_jpg.rf.FHuoJGLv777lpf1gG3CJ.jpg,ok,
expansion\dog_entropion\train_D22_0e43745f-60a5-11ec-8402-0a7404972c70_jpg.rf.rjZduWjGTd0G6hGLqWAW.jpg,ok,
expansion\dog_entropion\train_D22_0e46a6e8-60a5-11ec-8402-0a7404972c70_jpg.rf.gLa482riGPrRhiX5yyNd.jpg,ok,
expansion\dog_entropion\train_D22_0e46e30c-60a5-11ec-8402-0a7404972c70_jpg.rf.aOprfuJRcIv3CKQonawp.jpg,ok,
expansion\dog_entropion\train_D22_0e4f99cc-60a5-11ec-8402-0a7404972c70_jpg.rf.wTcFf8clB0qpWizKYYAH.jpg,ok,
expansion\dog_entropion\train_D22_0e5d174f-60a5-11ec-8402-0a7404972c70_jpg.rf.HR9twDHAQL1fyI0bnPZv.jpg,ok,
expansion\dog_entropion\train_D22_0e655767-60a5-11ec-8402-0a7404972c70_jpg.rf.NuvyjNnV6GCCDDWJnuab.jpg,ok,
expansion\dog_entropion\train_D22_0e7a4b8d-60a5-11ec-8402-0a7404972c70_jpg.rf.nctr8iMKK8CyurKy4zRA.jpg,ok,
expansion\dog_entropion\train_D22_2e2d2f7f-60a5-11ec-8402-0a7404972c70_jpg.rf.tHf9wo7SzOgGa5Bt1ASB.jpg,flagged,likely_blurry (var=29.2)
expansion\dog_entropion\train_D22_2e2d39b8-60a5-11ec-8402-0a7404972c70_jpg.rf.XM5CIlwKljoho8m29QWr.jpg,flagged,likely_blurry (var=29.0)
expansion\dog_entropion\train_D22_30c1f714-60a5-11ec-8402-0a7404972c70_jpg.rf.s8DT63hEQ2Kk9B96Php2.jpg,flagged,likely_blurry (var=17.5)
expansion\dog_entropion\train_D22_31c8c65f-60a5-11ec-8402-0a7404972c70_jpg.rf.yrvE36eDzMJJJPyYs6Kr.jpg,ok,
expansion\dog_entropion\train_D22_31c8feb3-60a5-11ec-8402-0a7404972c70_jpg.rf.ow1FfIg02se6W944ZZkC.jpg,ok,
expansion\dog_entropion\train_D22_333d6a64-60a5-11ec-8402-0a7404972c70_jpg.rf.DE6xmtnUOxfQ5HNpzxA5.jpg,ok,
expansion\dog_entropion\train_D22_3359993a-60a5-11ec-8402-0a7404972c70_jpg.rf.jBFdk8C9BsARiMn3wBSV.jpg,flagged,likely_blurry (var=16.5)
expansion\dog_entropion\train_D22_335db936-60a5-11ec-8402-0a7404972c70_jpg.rf.30EFSj8hv8YVHYppfmDb.jpg,flagged,likely_blurry (var=27.7)
expansion\dog_entropion\train_D23_03656a2b-60a5-11ec-8402-0a7404972c70_jpg.rf.ANAuCFfSNEMipxUTaF2v.jpg,ok,
expansion\dog_entropion\train_D23_03714af1-60a5-11ec-8402-0a7404972c70_jpg.rf.MENfDcYmUKKFMb9ZGAWa.jpg,flagged,likely_blurry (var=29.1)
expansion\dog_entropion\train_D23_0e416db9-60a5-11ec-8402-0a7404972c70_jpg.rf.0g9M6VLvWAzqn7Ozp8Vo.jpg,ok,
expansion\dog_entropion\train_D23_0e417418-60a5-11ec-8402-0a7404972c70_jpg.rf.D9oUrVXHD7SlDTlB2ahH.jpg,ok,
expansion\dog_entropion\train_D23_0e475a00-60a5-11ec-8402-0a7404972c70_jpg.rf.bo4N1xsxg9GAY4mftNW5.jpg,ok,
expansion\dog_entropion\train_D23_0e4f8b36-60a5-11ec-8402-0a7404972c70_jpg.rf.PUQJMn0JrFmhEFy6mqV4.jpg,ok,
expansion\dog_entropion\train_D23_0e55874e-60a5-11ec-8402-0a7404972c70_jpg.rf.cJHdauWvtluZ4UM5GwIS.jpg,ok,
expansion\dog_entropion\train_D23_0e55eba8-60a5-11ec-8402-0a7404972c70_jpg.rf.JaD0HpdCRqyJuY1lRdfz.jpg,ok,
expansion\dog_entropion\train_D23_0e55f0ff-60a5-11ec-8402-0a7404972c70_jpg.rf.VZqiWJ3LSzSysr7idNBP.jpg,ok,
expansion\dog_entropion\train_D23_0e5a4ce4-60a5-11ec-8402-0a7404972c70_jpg.rf.uj7Gj4HDr2a8aPitvvrZ.jpg,ok,
expansion\dog_entropion\train_D23_0e5a519a-60a5-11ec-8402-0a7404972c70_jpg.rf.UC6Sqtr67s9VmTazO0aZ.jpg,ok,
expansion\dog_entropion\train_D23_0e5a8524-60a5-11ec-8402-0a7404972c70_jpg.rf.mkQWZnJm7SWjLq4uVGTO.jpg,ok,
expansion\dog_entropion\train_D23_0e5c0c15-60a5-11ec-8402-0a7404972c70_jpg.rf.8kewBKJSGA5lpHvF98LV.jpg,ok,
expansion\dog_entropion\train_D23_0e5ef1a9-60a5-11ec-8402-0a7404972c70_jpg.rf.Ggr5ajIeSgpxxOOwGDYF.jpg,ok,
expansion\dog_entropion\train_D23_0e605edd-60a5-11ec-8402-0a7404972c70_jpg.rf.SXhFR2YOim5cGRBs9kVE.jpg,ok,
expansion\dog_entropion\train_D23_0e7a318f-60a5-11ec-8402-0a7404972c70_jpg.rf.ERRcYL1H6uiTW4njIHqS.jpg,flagged,likely_blurry (var=27.7)
expansion\dog_entropion\train_D23_0e807ae3-60a5-11ec-8402-0a7404972c70_jpg.rf.3ghCB8ukBlYHgJS6PQf2.jpg,flagged,likely_blurry (var=22.2)
expansion\dog_entropion\train_D23_2ed55e15-60a5-11ec-8402-0a7404972c70_jpg.rf.HddJRQpD9Dc7wl277EXM.jpg,ok,
expansion\dog_entropion\train_D23_2f219af4-60a5-11ec-8402-0a7404972c70_jpg.rf.6TkuJnjcMxugbIfLikhW.jpg,flagged,likely_blurry (var=29.3)
expansion\dog_entropion\train_D23_33419757-60a5-11ec-8402-0a7404972c70_jpg.rf.47lkJnlcnEti6i4SgYn5.jpg,ok,
expansion\dog_entropion\train_D23_3341d3a2-60a5-11ec-8402-0a7404972c70_jpg.rf.oh70hlXtMKzA7HjN99Ql.jpg,ok,
expansion\dog_entropion\train_D23_36acf346-60a5-11ec-8402-0a7404972c70_jpg.rf.0s66KDevtDefNJq2kfqF.jpg,ok,
expansion\dog_entropion\train_D24_03621c5a-60a5-11ec-8402-0a7404972c70_jpg.rf.bG4Srk5pbG8s1UBTQzYr.jpg,ok,
expansion\dog_entropion\train_D24_0366ad60-60a5-11ec-8402-0a7404972c70_jpg.rf.fYfi9bRnPzy9xnVZILeA.jpg,ok,
expansion\dog_entropion\train_D24_0367137e-60a5-11ec-8402-0a7404972c70_jpg.rf.JLraluWnSHMpukGgA6iK.jpg,flagged,likely_blurry (var=28.3)
expansion\dog_entropion\train_D24_0e4163eb-60a5-11ec-8402-0a7404972c70_jpg.rf.4KqU3YlFlYr2f1Oni2Cz.jpg,ok,
expansion\dog_entropion\train_D24_0e423013-60a5-11ec-8402-0a7404972c70_jpg.rf.nzO0rExoV1Lx1lXmFwVM.jpg,ok,
expansion\dog_entropion\train_D24_0e4252d8-60a5-11ec-8402-0a7404972c70_jpg.rf.7F4isUX0ncOIRnHXne90.jpg,ok,
expansion\dog_entropion\train_D24_0e445664-60a5-11ec-8402-0a7404972c70_jpg.rf.euA60jiWYmXhhWL9c5WM.jpg,ok,
expansion\dog_entropion\train_D24_0e45eaaa-60a5-11ec-8402-0a7404972c70_jpg.rf.YriQTW5Vl9tSP9vwnTFd.jpg,ok,
expansion\dog_entropion\train_D24_0e4cc838-60a5-11ec-8402-0a7404972c70_jpg.rf.uZYHpK007i6AHMR4p2QF.jpg,ok,
expansion\dog_entropion\train_D24_0e4df1de-60a5-11ec-8402-0a7404972c70_jpg.rf.ajCB1cGCtbGKVFs43yOV.jpg,ok,
expansion\dog_entropion\train_D24_0e4df6f6-60a5-11ec-8402-0a7404972c70_jpg.rf.8Nkzk6hQ9XyPHCAeDA3m.jpg,ok,
expansion\dog_entropion\train_D24_0e584696-60a5-11ec-8402-0a7404972c70_jpg.rf.I0ZOhlEE4oBL9cyATuL8.jpg,ok,
expansion\dog_entropion\train_D24_0e5de91e-60a5-11ec-8402-0a7404972c70_jpg.rf.Jd1YroGAnnxmEe5hisK5.jpg,ok,
expansion\dog_entropion\train_D24_0e60ccc5-60a5-11ec-8402-0a7404972c70_jpg.rf.9fJZNMbXw76tlznkP6M0.jpg,ok,
expansion\dog_entropion\train_D24_0e6268fe-60a5-11ec-8402-0a7404972c70_jpg.rf.GTcpLjIY3MAKbv0C2KUn.jpg,ok,
expansion\dog_entropion\train_D24_0e63f239-60a5-11ec-8402-0a7404972c70_jpg.rf.mbitJWcSbKV9NQHYrcrD.jpg,ok,
expansion\dog_entropion\train_D24_0e69f98d-60a5-11ec-8402-0a7404972c70_jpg.rf.OgVmMLX2vGfwwmxlzH4m.jpg,flagged,likely_blurry (var=28.6)
expansion\dog_entropion\train_D24_0e7faf26-60a5-11ec-8402-0a7404972c70_jpg.rf.R3i978yao3vI9qzmagJo.jpg,flagged,likely_blurry (var=29.8)
expansion\dog_entropion\train_D24_0e7fe177-60a5-11ec-8402-0a7404972c70_jpg.rf.b0gg8ErZ9NKPvraf1jB6.jpg,ok,
expansion\dog_entropion\train_D24_2e2b2614-60a5-11ec-8402-0a7404972c70_jpg.rf.ClEjMaV6MBGUHXWTiChJ.jpg,flagged,likely_blurry (var=15.1)
expansion\dog_entropion\train_D25_03678d18-60a5-11ec-8402-0a7404972c70_jpg.rf.uddupdxwx8JmoFNvEuDZ.jpg,ok,
expansion\dog_entropion\train_D25_0e40d81c-60a5-11ec-8402-0a7404972c70_jpg.rf.25HJdcCE3zRXagiBhHxy.jpg,ok,
expansion\dog_entropion\train_D25_0e4ab018-60a5-11ec-8402-0a7404972c70_jpg.rf.YPMKQkQEFS3LTOdPRk6w.jpg,ok,
expansion\dog_entropion\train_D25_0e5201b3-60a5-11ec-8402-0a7404972c70_jpg.rf.YdJ0ayI20QFuwSQpSXLR.jpg,ok,
expansion\dog_entropion\train_D25_0e569c35-60a5-11ec-8402-0a7404972c70_jpg.rf.4kEkr1nidGeKmxYkErYE.jpg,ok,
expansion\dog_entropion\train_D25_0e603ad3-60a5-11ec-8402-0a7404972c70_jpg.rf.hihCF53rZtOPdRnG22YQ.jpg,ok,
expansion\dog_entropion\train_D25_0e610056-60a5-11ec-8402-0a7404972c70_jpg.rf.SfAMH25vG3kh31RCGhU0.jpg,ok,
expansion\dog_entropion\train_D25_0e62ab24-60a5-11ec-8402-0a7404972c70_jpg.rf.a6pjhhA0k29PJfwSDAQw.jpg,ok,
expansion\dog_entropion\train_D25_0e7e76ff-60a5-11ec-8402-0a7404972c70_jpg.rf.D4VSlLHQesI4m5gyuULM.jpg,flagged,likely_blurry (var=26.8)
expansion\dog_entropion\train_D25_2f1c4f67-60a5-11ec-8402-0a7404972c70_jpg.rf.ZImHEdJRc8f8piiKbMPe.jpg,flagged,likely_blurry (var=14.1)
expansion\dog_entropion\train_D25_333d32d9-60a5-11ec-8402-0a7404972c70_jpg.rf.PLdaCkWiwNgjj8kKQ1pr.jpg,ok,
expansion\dog_entropion\train_D26_0e4aa0c2-60a5-11ec-8402-0a7404972c70_jpg.rf.UQb0DTbtVUadqH6dQb2J.jpg,ok,
expansion\dog_entropion\train_D26_0e4b72a7-60a5-11ec-8402-0a7404972c70_jpg.rf.lD9j2eoTJvpKXTbZtaKz.jpg,ok,
expansion\dog_entropion\train_D26_0e4c866c-60a5-11ec-8402-0a7404972c70_jpg.rf.Dbdb21Ty5ZSl7gJcmFuH.jpg,ok,
expansion\dog_entropion\train_D26_0e59cda5-60a5-11ec-8402-0a7404972c70_jpg.rf.oKyprs4DkPji7OFflDku.jpg,ok,
expansion\dog_entropion\train_D26_0e60e5df-60a5-11ec-8402-0a7404972c70_jpg.rf.nmKf0OJdOa1r8xRG2n1I.jpg,ok,
expansion\dog_entropion\train_D26_0e62bf69-60a5-11ec-8402-0a7404972c70_jpg.rf.gsbIbxt51nPNOu7BmGW3.jpg,ok,
expansion\dog_entropion\train_D26_0e807ff3-60a5-11ec-8402-0a7404972c70_jpg.rf.WaKwTvyoWE1cKimkRpQU.jpg,flagged,likely_blurry (var=23.7)
expansion\dog_entropion\train_D26_2e2d99ec-60a5-11ec-8402-0a7404972c70_jpg.rf.4AyrMY9gEN2k1Qu0TeEp.jpg,flagged,likely_blurry (var=24.9)
expansion\dog_entropion\train_D26_36c6735e-60a5-11ec-8402-0a7404972c70_jpg.rf.MSj1dCU9EFlyudr2xgUf.jpg,ok,
expansion\dog_entropion\train_D27_0366f790-60a5-11ec-8402-0a7404972c70_jpg.rf.Ee030Ciy882OPtGZXtuV.jpg,flagged,likely_blurry (var=28.3)
expansion\dog_entropion\train_D27_0e443206-60a5-11ec-8402-0a7404972c70_jpg.rf.TdKPaKtdKI1b8Yam8WdN.jpg,ok,
expansion\dog_entropion\train_D27_0e44b9b1-60a5-11ec-8402-0a7404972c70_jpg.rf.9Btre6E8VmQfjxgIaych.jpg,ok,
expansion\dog_entropion\train_D27_0e47c175-60a5-11ec-8402-0a7404972c70_jpg.rf.R5ZTv3CKct8QgzeyCATD.jpg,ok,
expansion\dog_entropion\train_D27_0e5ce64e-60a5-11ec-8402-0a7404972c70_jpg.rf.0avaYSKIWGWsQ7gtV0c1.jpg,ok,
expansion\dog_entropion\train_D27_0e5ed796-60a5-11ec-8402-0a7404972c70_jpg.rf.b8nW17SxI72AKpioOWmO.jpg,ok,
expansion\dog_entropion\train_D27_0e60f655-60a5-11ec-8402-0a7404972c70_jpg.rf.s3heDkKiLuOVHOB4sDWz.jpg,ok,
expansion\dog_entropion\train_D27_0e64735d-60a5-11ec-8402-0a7404972c70_jpg.rf.SfZncVbvjs338tSNlII5.jpg,ok,
expansion\dog_entropion\train_D27_0e7a7b4c-60a5-11ec-8402-0a7404972c70_jpg.rf.blMRjb4phBuJZKAleUbb.jpg,flagged,likely_blurry (var=28.4)
expansion\dog_entropion\train_D27_31c8f018-60a5-11ec-8402-0a7404972c70_jpg.rf.Vt0jhxvteyeO3oSNdUne.jpg,ok,
expansion\dog_entropion\train_D27_33423e52-60a5-11ec-8402-0a7404972c70_jpg.rf.gupshAUFl4NWyuTdhbGf.jpg,ok,
expansion\dog_entropion\train_D27_335df8a2-60a5-11ec-8402-0a7404972c70_jpg.rf.GvTxFpzYeekRJBM7MjUV.jpg,ok,
expansion\dog_entropion\train_D28_036229a1-60a5-11ec-8402-0a7404972c70_jpg.rf.kaZNwBNyDEVF07oJ7DbV.jpg,ok,
expansion\dog_entropion\train_D28_03635a0e-60a5-11ec-8402-0a7404972c70_jpg.rf.5Jw3273yjzeVQ5XGEKC9.jpg,ok,
expansion\dog_entropion\train_D28_03667741-60a5-11ec-8402-0a7404972c70_jpg.rf.ysyedjU4Buo1SRXE8fWi.jpg,ok,
expansion\dog_entropion\train_D28_03682148-60a5-11ec-8402-0a7404972c70_jpg.rf.YE1kiw3LpxDolrF0sptF.jpg,ok,
expansion\dog_entropion\train_D28_0e41096a-60a5-11ec-8402-0a7404972c70_jpg.rf.AaUBXH4tGCGnCmCftfXg.jpg,ok,
expansion\dog_entropion\train_D28_0e41b0d7-60a5-11ec-8402-0a7404972c70_jpg.rf.QAUUJS35okuV6ltNhbOe.jpg,ok,
expansion\dog_entropion\train_D28_0e5a4769-60a5-11ec-8402-0a7404972c70_jpg.rf.zwPWg7g4tUqz81A7gIIh.jpg,ok,
expansion\dog_entropion\train_D28_0e5e02bc-60a5-11ec-8402-0a7404972c70_jpg.rf.hXSYlm3f8lxlZIEXZxfR.jpg,ok,
expansion\dog_entropion\train_D28_0e5f3bb6-60a5-11ec-8402-0a7404972c70_jpg.rf.MCLx4wCVOY7ggycxBC0H.jpg,ok,
expansion\dog_entropion\train_D28_0e602fbd-60a5-11ec-8402-0a7404972c70_jpg.rf.l5Q9KqyPA0yh1Qbl2SZs.jpg,ok,
expansion\dog_entropion\train_D28_0e63fdc6-60a5-11ec-8402-0a7404972c70_jpg.rf.jXL8JFxsovny1JD40Q1P.jpg,ok,
expansion\dog_entropion\train_D28_0e801729-60a5-11ec-8402-0a7404972c70_jpg.rf.VOuWmhFgmexsyU0TBk9g.jpg,ok,
expansion\dog_entropion\train_D28_2e2aec11-60a5-11ec-8402-0a7404972c70_jpg.rf.kdBezkwGi95yD6CYABkj.jpg,ok,
expansion\dog_entropion\train_D28_3285ad30-60a5-11ec-8402-0a7404972c70_jpg.rf.pwKUw5nmjd8sRbLqIqlJ.jpg,ok,
expansion\dog_entropion\train_D29_036541a6-60a5-11ec-8402-0a7404972c70_jpg.rf.X5j2LuwiMXtfKR875iJx.jpg,ok,
expansion\dog_entropion\train_D29_0365916d-60a5-11ec-8402-0a7404972c70_jpg.rf.eaCoKH0ipKbVA1bWybt1.jpg,ok,
expansion\dog_entropion\train_D29_036c395d-60a5-11ec-8402-0a7404972c70_jpg.rf.BxOGFTBGAp9lKTw3KEOt.jpg,flagged,likely_blurry (var=26.6)
expansion\dog_entropion\train_D29_036f9bae-60a5-11ec-8402-0a7404972c70_jpg.rf.tYy5ta9TvZqRbceT15yx.jpg,ok,
expansion\dog_entropion\train_D29_0e42584c-60a5-11ec-8402-0a7404972c70_jpg.rf.bJvlW9VpZDELo1bktyKL.jpg,ok,
expansion\dog_entropion\train_D29_0e462311-60a5-11ec-8402-0a7404972c70_jpg.rf.sZ30ugUiz9sYvJ9P914R.jpg,ok,
expansion\dog_entropion\train_D29_0e7f1491-60a5-11ec-8402-0a7404972c70_jpg.rf.QgFxcec3mjrQtpLgSV56.jpg,flagged,likely_blurry (var=28.3)
expansion\dog_entropion\train_D29_2e2da3a5-60a5-11ec-8402-0a7404972c70_jpg.rf.fLJoMC7jLnuVHiMjX2Jn.jpg,ok,
expansion\dog_entropion\train_D29_31c88ac1-60a5-11ec-8402-0a7404972c70_jpg.rf.o4PI2HRq7ZHPmEVotLtv.jpg,ok,
expansion\dog_entropion\train_D29_31cbeaac-60a5-11ec-8402-0a7404972c70_jpg.rf.jgve542Y0FTjG5ka1OAT.jpg,ok,
expansion\dog_entropion\train_D29_335a64e4-60a5-11ec-8402-0a7404972c70_jpg.rf.QXLCNGZtn1RyGl44yg0A.jpg,ok,
expansion\dog_entropion\train_D29_36a63f0b-60a5-11ec-8402-0a7404972c70_jpg.rf.9oI9SJtMkgtU2fw1b8LC.jpg,ok,
expansion\dog_entropion\train_D29_36a665d9-60a5-11ec-8402-0a7404972c70_jpg.rf.MKQEgjfNwBwVQ6Z5eweB.jpg,ok,
expansion\dog_entropion\train_D2_03653371-60a5-11ec-8402-0a7404972c70_jpg.rf.BhBBxLew1pFXcSu0pCII.jpg,ok,
expansion\dog_entropion\train_D2_036c6540-60a5-11ec-8402-0a7404972c70_jpg.rf.F4CXlWwlwiunakB1jWYQ.jpg,flagged,likely_blurry (var=19.3)
expansion\dog_entropion\train_D2_0e436f8a-60a5-11ec-8402-0a7404972c70_jpg.rf.aaXZLgW7T3H8KrY2To3y.jpg,flagged,likely_blurry (var=28.5)
expansion\dog_entropion\train_D2_0e4754be-60a5-11ec-8402-0a7404972c70_jpg.rf.tk5YIWqQFDOy67ONONbG.jpg,ok,
expansion\dog_entropion\train_D2_0e4e1c10-60a5-11ec-8402-0a7404972c70_jpg.rf.twFnvVXllXDUOCy8V2vf.jpg,ok,
expansion\dog_entropion\train_D2_0e5990f2-60a5-11ec-8402-0a7404972c70_jpg.rf.f6q8HDy3peZsZUEAwMxM.jpg,ok,
expansion\dog_entropion\train_D2_0e59c8c9-60a5-11ec-8402-0a7404972c70_jpg.rf.B6MsYDZTg6o2r8xYwhWo.jpg,ok,
expansion\dog_entropion\train_D2_0e5e228e-60a5-11ec-8402-0a7404972c70_jpg.rf.xxyYhknwKiSmVDe32snF.jpg,ok,
expansion\dog_entropion\train_D2_0e7f5a68-60a5-11ec-8402-0a7404972c70_jpg.rf.7mVMNCSWemiatYs0vYRg.jpg,ok,
expansion\dog_entropion\train_D2_2e2a98ef-60a5-11ec-8402-0a7404972c70_jpg.rf.5Ffp30ozXfzBmxjki7mi.jpg,flagged,likely_blurry (var=28.4)
expansion\dog_entropion\train_D2_33417f43-60a5-11ec-8402-0a7404972c70_jpg.rf.106TLk66333gWjpEsj2Z.jpg,ok,
expansion\dog_entropion\train_D2_36a675e3-60a5-11ec-8402-0a7404972c70_jpg.rf.u2lOvBknujhkd40Zn1lg.jpg,ok,
expansion\dog_entropion\train_D30_036686ed-60a5-11ec-8402-0a7404972c70_jpg.rf.I5UbV7pN7zOGsohljrAT.jpg,ok,
expansion\dog_entropion\train_D30_0e43f97d-60a5-11ec-8402-0a7404972c70_jpg.rf.1hf2OKIrjG7kCasnfE5w.jpg,ok,
expansion\dog_entropion\train_D30_0e4de729-60a5-11ec-8402-0a7404972c70_jpg.rf.1F8ZRTXzNcN5Z3KBPnKf.jpg,ok,
expansion\dog_entropion\train_D30_0e585bc5-60a5-11ec-8402-0a7404972c70_jpg.rf.Sbankl7XHj3VeUkitglh.jpg,ok,
expansion\dog_entropion\train_D30_0e59d27d-60a5-11ec-8402-0a7404972c70_jpg.rf.dvXMreC3zoLcq0RTbBZ1.jpg,ok,
expansion\dog_entropion\train_D30_0e5f0a59-60a5-11ec-8402-0a7404972c70_jpg.rf.f53JixwcYE2asrcijXwp.jpg,ok,
expansion\dog_entropion\train_D30_0e5f644c-60a5-11ec-8402-0a7404972c70_jpg.rf.hov9CunZ4PdxjS2wifdk.jpg,ok,
expansion\dog_entropion\train_D30_0e60737f-60a5-11ec-8402-0a7404972c70_jpg.rf.KBB1WOVEFYbk3d0cGIoa.jpg,ok,
expansion\dog_entropion\train_D30_0e656c4a-60a5-11ec-8402-0a7404972c70_jpg.rf.EqAPrg61RFMilkXzxHUD.jpg,ok,
expansion\dog_entropion\train_D30_2f202b12-60a5-11ec-8402-0a7404972c70_jpg.rf.xsLzkwBKXJij1lXNKbu7.jpg,flagged,likely_blurry (var=14.6)
expansion\dog_entropion\train_D30_328552d0-60a5-11ec-8402-0a7404972c70_jpg.rf.ZiXafvkZWW9XswjgyGpt.jpg,ok,
expansion\dog_entropion\train_D30_333e00e3-60a5-11ec-8402-0a7404972c70_jpg.rf.jyiPxqmg7Dl6KxyBvTh7.jpg,ok,
expansion\dog_entropion\train_D30_33418e3d-60a5-11ec-8402-0a7404972c70_jpg.rf.aLKA3GDzjFJIxKDPROJp.jpg,ok,
expansion\dog_entropion\train_D30_3341e91a-60a5-11ec-8402-0a7404972c70_jpg.rf.DmoqH2YqBAmntdAgrv2M.jpg,ok,
expansion\dog_entropion\train_D30_33596af6-60a5-11ec-8402-0a7404972c70_jpg.rf.Z4RKiMdlb6wPad1VGjkS.jpg,flagged,likely_blurry (var=16.5)
expansion\dog_entropion\train_D31_0365630a-60a5-11ec-8402-0a7404972c70_jpg.rf.okphR3YaUBzIWEtbgmbz.jpg,ok,
expansion\dog_entropion\train_D31_0366efd5-60a5-11ec-8402-0a7404972c70_jpg.rf.HWpiZ0AQTr41XvfKJYM4.jpg,flagged,likely_blurry (var=28.8)
expansion\dog_entropion\train_D31_03680b36-60a5-11ec-8402-0a7404972c70_jpg.rf.cmw9T6If1If9LqixytoU.jpg,ok,
expansion\dog_entropion\train_D31_03691f26-60a5-11ec-8402-0a7404972c70_jpg.rf.jAAodI1HHDPcJJGUnRb1.jpg,ok,
expansion\dog_entropion\train_D31_036f7cb5-60a5-11ec-8402-0a7404972c70_jpg.rf.Djsfa2ljhKjLmwmdz7Om.jpg,ok,
expansion\dog_entropion\train_D31_0e4113cf-60a5-11ec-8402-0a7404972c70_jpg.rf.aid2Zb9qULZAqL6efzgh.jpg,ok,
expansion\dog_entropion\train_D31_0e4bdd9c-60a5-11ec-8402-0a7404972c70_jpg.rf.TbdUe7Q6y2NB2igB81DI.jpg,ok,
expansion\dog_entropion\train_D31_0e4e57b6-60a5-11ec-8402-0a7404972c70_jpg.rf.wJunXTFBb2xS2NSak84k.jpg,ok,
expansion\dog_entropion\train_D31_0e51ae6a-60a5-11ec-8402-0a7404972c70_jpg.rf.uGvqWGAmNBfROIFxOWqx.jpg,ok,
expansion\dog_entropion\train_D31_0e577e8b-60a5-11ec-8402-0a7404972c70_jpg.rf.Y1cqxzYvwLnRx4ecmzTI.jpg,ok,
expansion\dog_entropion\train_D31_0e59a0c3-60a5-11ec-8402-0a7404972c70_jpg.rf.muIE0b30VnVCRDNvpk4e.jpg,ok,
expansion\dog_entropion\train_D31_0e5bedc1-60a5-11ec-8402-0a7404972c70_jpg.rf.ALnYcYU6gGldn2UGksdN.jpg,ok,
expansion\dog_entropion\train_D31_0e5ccd7c-60a5-11ec-8402-0a7404972c70_jpg.rf.NSVgk8lPnyfmjIjFcLAd.jpg,ok,
expansion\dog_entropion\train_D31_0e60690a-60a5-11ec-8402-0a7404972c70_jpg.rf.mSrODnuPHwJiEEeiF63M.jpg,ok,
expansion\dog_entropion\train_D31_0e6091d7-60a5-11ec-8402-0a7404972c70_jpg.rf.4alzDL3eBVukRMQE986r.jpg,ok,
expansion\dog_entropion\train_D31_0e65488a-60a5-11ec-8402-0a7404972c70_jpg.rf.rX9mTlWhkLRTBGa9sVNc.jpg,ok,
expansion\dog_entropion\train_D31_0e7feda5-60a5-11ec-8402-0a7404972c70_jpg.rf.7U4zTsUciPoBs2Pwf7YK.jpg,flagged,likely_blurry (var=27.4)
expansion\dog_entropion\train_D31_2e29a27c-60a5-11ec-8402-0a7404972c70_jpg.rf.QVX1gP3miGJWbpOat63H.jpg,ok,
expansion\dog_entropion\train_D31_31c8947f-60a5-11ec-8402-0a7404972c70_jpg.rf.g9JinEQkEZQqVUu289BH.jpg,ok,
expansion\dog_entropion\train_D31_31c8f4ef-60a5-11ec-8402-0a7404972c70_jpg.rf.FEoBNKHpOleCY0plRKxV.jpg,ok,
expansion\dog_entropion\train_D31_335a5600-60a5-11ec-8402-0a7404972c70_jpg.rf.SFY5bfgRNI2BNANwuDp2.jpg,flagged,likely_blurry (var=23.7)
expansion\dog_entropion\train_D31_36ae6f87-60a5-11ec-8402-0a7404972c70_jpg.rf.AqGk1YdAp63sVBnyPzFU.jpg,ok,
expansion\dog_entropion\train_D32_036375ad-60a5-11ec-8402-0a7404972c70_jpg.rf.duQQU52gYIJR66G24lWE.jpg,ok,
expansion\dog_entropion\train_D32_0369e501-60a5-11ec-8402-0a7404972c70_jpg.rf.eS04jbvnFVc52SAFwNYH.jpg,ok,
expansion\dog_entropion\train_D32_0e448f16-60a5-11ec-8402-0a7404972c70_jpg.rf.0mM1xDJfSlZZ56ellLiC.jpg,ok,
expansion\dog_entropion\train_D32_0e465afb-60a5-11ec-8402-0a7404972c70_jpg.rf.ghEXMHAMatrDJQqhOgV5.jpg,ok,
expansion\dog_entropion\train_D32_0e4a98b3-60a5-11ec-8402-0a7404972c70_jpg.rf.L8JuDZecCj1t2GPTjyjT.jpg,ok,
expansion\dog_entropion\train_D32_0e59a61a-60a5-11ec-8402-0a7404972c70_jpg.rf.L3EiiCHwduxiNNLS7Efc.jpg,ok,
expansion\dog_entropion\train_D32_0e5a8ee5-60a5-11ec-8402-0a7404972c70_jpg.rf.HP9MICDROLoz5YDcJ1lE.jpg,ok,
expansion\dog_entropion\train_D32_0e5d315a-60a5-11ec-8402-0a7404972c70_jpg.rf.pTqj7P1V0PVHDKa4bejQ.jpg,flagged,likely_blurry (var=22.9)
expansion\dog_entropion\train_D32_0e5f45ad-60a5-11ec-8402-0a7404972c70_jpg.rf.dHCcQHJ1zzv7QOI8Fa41.jpg,ok,
expansion\dog_entropion\train_D32_0e625931-60a5-11ec-8402-0a7404972c70_jpg.rf.bOkJP643bYylVSP5bIyF.jpg,ok,
expansion\dog_entropion\train_D32_333db204-60a5-11ec-8402-0a7404972c70_jpg.rf.hVvTGz48nzUPQ8xALujq.jpg,ok,
expansion\dog_entropion\train_D32_3341cb1c-60a5-11ec-8402-0a7404972c70_jpg.rf.VW6RyziZ3ddvVZSXXvPn.jpg,ok,
expansion\dog_entropion\train_D33_0e46657d-60a5-11ec-8402-0a7404972c70_jpg.rf.nFCOV4NNIxGYbOysc1jp.jpg,ok,
expansion\dog_entropion\train_D33_0e4dab98-60a5-11ec-8402-0a7404972c70_jpg.rf.fJl7Xd4tyoWfQ9upR5JS.jpg,ok,
expansion\dog_entropion\train_D33_0e574265-60a5-11ec-8402-0a7404972c70_jpg.rf.DCIoa2cejdwb5bSXN22t.jpg,ok,
expansion\dog_entropion\train_D33_0e59b9d0-60a5-11ec-8402-0a7404972c70_jpg.rf.6xDaVU10FFYmeUJYfiuw.jpg,ok,
expansion\dog_entropion\train_D33_0e5d0c03-60a5-11ec-8402-0a7404972c70_jpg.rf.MM74ViOn5jEcILGXoeiE.jpg,ok,
expansion\dog_entropion\train_D33_0e5f4f9f-60a5-11ec-8402-0a7404972c70_jpg.rf.qwqtxssLmWy0Std8ok81.jpg,ok,
expansion\dog_entropion\train_D33_335ea952-60a5-11ec-8402-0a7404972c70_jpg.rf.tQIycJe5r1PCKjcmEIaD.jpg,flagged,likely_blurry (var=26.5)
expansion\dog_entropion\train_D33_36c70454-60a5-11ec-8402-0a7404972c70_jpg.rf.nRySwqcukSjEOyBS3DeF.jpg,flagged,likely_blurry (var=28.9)
expansion\dog_entropion\train_D33_3d940c29-60a5-11ec-8402-0a7404972c70_jpg.rf.plmg9Ja5O3dedHXtbm80.jpg,ok,
expansion\dog_entropion\train_D34_0367e2fa-60a5-11ec-8402-0a7404972c70_jpg.rf.h2VjRj9fwAh8iUUt1Cay.jpg,ok,
expansion\dog_entropion\train_D34_03686a65-60a5-11ec-8402-0a7404972c70_jpg.rf.MkDEpjRxdWmpJPF3pL6E.jpg,ok,
expansion\dog_entropion\train_D34_0e411d55-60a5-11ec-8402-0a7404972c70_jpg.rf.kv50qVyXO9t4bdUnltdU.jpg,ok,
expansion\dog_entropion\train_D34_0e434ab5-60a5-11ec-8402-0a7404972c70_jpg.rf.AMtOayTeTAiY7cFCKtLK.jpg,ok,
expansion\dog_entropion\train_D34_0e531389-60a5-11ec-8402-0a7404972c70_jpg.rf.sokokwCTN5fwl0uOUfE6.jpg,ok,
expansion\dog_entropion\train_D34_0e57474d-60a5-11ec-8402-0a7404972c70_jpg.rf.bEZyRD1Co6rs4DkAJUVC.jpg,ok,
expansion\dog_entropion\train_D34_0e58762b-60a5-11ec-8402-0a7404972c70_jpg.rf.ofsViPPimQ3AeBkur9LA.jpg,ok,
expansion\dog_entropion\train_D34_0e58d96a-60a5-11ec-8402-0a7404972c70_jpg.rf.6QvHi7ETz09bY395qcxy.jpg,ok,
expansion\dog_entropion\train_D34_0e5c3f4e-60a5-11ec-8402-0a7404972c70_jpg.rf.lnk275Ss4pAzxm5Munl5.jpg,ok,
expansion\dog_entropion\train_D34_0e5d87c9-60a5-11ec-8402-0a7404972c70_jpg.rf.u9UQqRcnkMFYHuiajk1A.jpg,ok,
expansion\dog_entropion\train_D34_0e65628b-60a5-11ec-8402-0a7404972c70_jpg.rf.ZtcjfpgPayrAk6bPc5m4.jpg,ok,
expansion\dog_entropion\train_D34_0e6d2cb3-60a5-11ec-8402-0a7404972c70_jpg.rf.CE1zX48uHVcz3gm8Al5k.jpg,flagged,likely_blurry (var=21.8)
expansion\dog_entropion\train_D34_2ed4d8fb-60a5-11ec-8402-0a7404972c70_jpg.rf.2jNMMNg2uMHxGgnz18X6.jpg,ok,
expansion\dog_entropion\train_D34_333d533a-60a5-11ec-8402-0a7404972c70_jpg.rf.INV5xGphfD9Dd8SyIhtG.jpg,ok,
expansion\dog_entropion\train_D34_36ad3336-60a5-11ec-8402-0a7404972c70_jpg.rf.teSRz5LcmT0BHpVdDHu0.jpg,ok,
expansion\dog_entropion\train_D35_0e4c6aa1-60a5-11ec-8402-0a7404972c70_jpg.rf.nSP4CzJFj7IUKx102D2n.jpg,ok,
expansion\dog_entropion\train_D35_0e5d218b-60a5-11ec-8402-0a7404972c70_jpg.rf.uxcy7G9bvmcp9UWD3G26.jpg,ok,
expansion\dog_entropion\train_D3_03623e8b-60a5-11ec-8402-0a7404972c70_jpg.rf.QUD6rT3XR0LanP9xJESy.jpg,ok,
expansion\dog_entropion\train_D3_0369b5a0-60a5-11ec-8402-0a7404972c70_jpg.rf.d2xLgKq7QDVxaKNyhb9s.jpg,ok,
expansion\dog_entropion\train_D3_03719afb-60a5-11ec-8402-0a7404972c70_jpg.rf.ZFVJ0CuicbK9CZ918Rky.jpg,ok,
expansion\dog_entropion\train_D3_0e46088c-60a5-11ec-8402-0a7404972c70_jpg.rf.huH77gIjvRbEFkt1WY0N.jpg,ok,
expansion\dog_entropion\train_D3_0e573835-60a5-11ec-8402-0a7404972c70_jpg.rf.IZGp4TgJDgpiASfALriv.jpg,ok,
expansion\dog_entropion\train_D3_0e58812f-60a5-11ec-8402-0a7404972c70_jpg.rf.lYXtamDhZ3x0cPrGPGCs.jpg,ok,
expansion\dog_entropion\train_D3_0e5ea829-60a5-11ec-8402-0a7404972c70_jpg.rf.bAWQ8SuVASg8oFuujyvC.jpg,ok,
expansion\dog_entropion\train_D3_0e5f59e5-60a5-11ec-8402-0a7404972c70_jpg.rf.bJALD1io2atHXyJz5EXy.jpg,ok,
expansion\dog_entropion\train_D3_0e6014f6-60a5-11ec-8402-0a7404972c70_jpg.rf.XVKnHYS3qfxYC5sp8tPB.jpg,ok,
expansion\dog_entropion\train_D3_0e604b26-60a5-11ec-8402-0a7404972c70_jpg.rf.yrRcIZuDLWw6wzI8A8MD.jpg,ok,
expansion\dog_entropion\train_D3_0e605504-60a5-11ec-8402-0a7404972c70_jpg.rf.5Ubvgd5UZoIDdNrWJOuZ.jpg,ok,
expansion\dog_entropion\train_D3_0e6059f4-60a5-11ec-8402-0a7404972c70_jpg.rf.BExZczhMJ9qyNXXs3XIn.jpg,ok,
expansion\dog_entropion\train_D3_0e61d1c3-60a5-11ec-8402-0a7404972c70_jpg.rf.ytKYJrtuBIQtuQ71c5OS.jpg,ok,
expansion\dog_entropion\train_D3_0e6296aa-60a5-11ec-8402-0a7404972c70_jpg.rf.9Koeil6Ef6X8eNwDdi5K.jpg,ok,
expansion\dog_entropion\train_D3_0e6424e7-60a5-11ec-8402-0a7404972c70_jpg.rf.InJIw3XKUCnxvyqr4VgC.jpg,ok,
expansion\dog_entropion\train_D3_2e25ea1b-60a5-11ec-8402-0a7404972c70_jpg.rf.CFQAlrPWVr9rEe6b4xNI.jpg,flagged,likely_blurry (var=24.7)
expansion\dog_entropion\train_D3_2f1cdc59-60a5-11ec-8402-0a7404972c70_jpg.rf.a3a13iM2jMCZ7JpisGwF.jpg,flagged,likely_blurry (var=12.8)
expansion\dog_entropion\train_D3_30c71509-60a5-11ec-8402-0a7404972c70_jpg.rf.1cAT0DBqXNRFqHmhRIx5.jpg,flagged,likely_blurry (var=20.2)
expansion\dog_entropion\train_D3_32859db0-60a5-11ec-8402-0a7404972c70_jpg.rf.Yklm30mSmseOErjdmj3u.jpg,flagged,likely_blurry (var=18.3)
expansion\dog_entropion\train_D4_0e43ef52-60a5-11ec-8402-0a7404972c70_jpg.rf.inNI1wM5edS7m0SETM5n.jpg,ok,
expansion\dog_entropion\train_D4_0e45bf1b-60a5-11ec-8402-0a7404972c70_jpg.rf.f25MxcysH2rrl51T23Ip.jpg,ok,
expansion\dog_entropion\train_D4_0e49c17c-60a5-11ec-8402-0a7404972c70_jpg.rf.wlMW0Z7o4O7xGmVaSWoR.jpg,ok,
expansion\dog_entropion\train_D4_0e4e835f-60a5-11ec-8402-0a7404972c70_jpg.rf.M5JZNS6PJILwrjHJ3S5r.jpg,flagged,likely_blurry (var=26.0)
expansion\dog_entropion\train_D4_0e4ef89c-60a5-11ec-8402-0a7404972c70_jpg.rf.uFYDqTAvjiVHnL9Ri1bl.jpg,ok,
expansion\dog_entropion\train_D4_0e51d86b-60a5-11ec-8402-0a7404972c70_jpg.rf.yjr00OqRDQcwUj2zWL00.jpg,ok,
expansion\dog_entropion\train_D4_0e53a3e0-60a5-11ec-8402-0a7404972c70_jpg.rf.FssIuLWK9KdRy3s7klhY.jpg,ok,
expansion\dog_entropion\train_D4_0e578888-60a5-11ec-8402-0a7404972c70_jpg.rf.Wzzmc2uCIAv3W3afLrqY.jpg,ok,
expansion\dog_entropion\train_D4_0e58b9d7-60a5-11ec-8402-0a7404972c70_jpg.rf.5TFVIf3U821KohmH8KAg.jpg,ok,
expansion\dog_entropion\train_D4_0e5c7014-60a5-11ec-8402-0a7404972c70_jpg.rf.bYwT2Mp5XxyyRxFlN2PX.jpg,ok,
expansion\dog_entropion\train_D4_0e5d9746-60a5-11ec-8402-0a7404972c70_jpg.rf.2NxewARpPaqsrpRt3Zaf.jpg,ok,
expansion\dog_entropion\train_D4_0e5f40ab-60a5-11ec-8402-0a7404972c70_jpg.rf.TDF8WXHyGWs5LOZNhzxo.jpg,ok,
expansion\dog_entropion\train_D4_0e60ead3-60a5-11ec-8402-0a7404972c70_jpg.rf.ItvpMUwEQXJAGY89yTN1.jpg,ok,
expansion\dog_entropion\train_D4_0e7e71cf-60a5-11ec-8402-0a7404972c70_jpg.rf.dozYP3ZjZ9R7SWTLmajN.jpg,flagged,likely_blurry (var=27.5)
expansion\dog_entropion\train_D4_30bc1bbd-60a5-11ec-8402-0a7404972c70_jpg.rf.v6fEgkl9D1euq2fetZd3.jpg,ok,
expansion\dog_entropion\train_D5_0c895946-60a5-11ec-8402-0a7404972c70_png.rf.PB3GpyOM7GapgiLefbyJ.png,ok,
expansion\dog_entropion\train_D5_0c914312-60a5-11ec-8402-0a7404972c70_png.rf.Wfj6wkKHUZd2iIkSLcUC.png,ok,
expansion\dog_entropion\train_D5_0c95418b-60a5-11ec-8402-0a7404972c70_png.rf.q5ZT4bGbqAiyzArUXlBX.png,ok,
expansion\dog_entropion\train_D5_0e4cd222-60a5-11ec-8402-0a7404972c70_jpg.rf.p60CdvRxsXzXlTfNgOn8.jpg,ok,
expansion\dog_entropion\train_D5_0e4efd9e-60a5-11ec-8402-0a7404972c70_jpg.rf.NKNduwso9S7OEtkIdy6z.jpg,ok,
expansion\dog_entropion\train_D5_0e53a8b0-60a5-11ec-8402-0a7404972c70_jpg.rf.9OrLCLS3XYuG9lv0KzGv.jpg,ok,
expansion\dog_entropion\train_D5_0e63f844-60a5-11ec-8402-0a7404972c70_jpg.rf.EDpUO2zmuleDRyvEsi8d.jpg,ok,
expansion\dog_entropion\train_D5_24766fdb-60a5-11ec-8402-0a7404972c70_jpg.rf.Eexibd6E5twBeJxSD8TL.jpg,ok,
expansion\dog_entropion\train_D5_29a73a4e-60a5-11ec-8402-0a7404972c70_jpg.rf.yZqlD1hudUJ1jiCQtMGb.jpg,ok,
expansion\dog_entropion\train_D5_29d1a186-60a5-11ec-8402-0a7404972c70_jpg.rf.QrdaAwiBsxgvTwhqYIPK.jpg,ok,
expansion\dog_entropion\train_D5_29d8d833-60a5-11ec-8402-0a7404972c70_jpg.rf.9YTjIXd723zWGtyzHa8Q.jpg,ok,
expansion\dog_entropion\train_D5_29da695c-60a5-11ec-8402-0a7404972c70_jpg.rf.yS2GNIDQk1c1rPgEw588.jpg,ok,
expansion\dog_entropion\train_D5_29f82caf-60a5-11ec-8402-0a7404972c70_jpg.rf.Mgypd2OYWo10a1mnb5iY.jpg,ok,
expansion\dog_entropion\train_D6_0bf57c8a-60a5-11ec-8402-0a7404972c70_png.rf.0xyfbyqMPP3B1ddHZzIq.png,ok,
expansion\dog_entropion\train_D6_0bf82a77-60a5-11ec-8402-0a7404972c70_png.rf.d2U4qODYp5QkoNG49cNj.png,ok,
expansion\dog_entropion\train_D6_0bfded42-60a5-11ec-8402-0a7404972c70_png.rf.4TBoi1pr1XihLk8SNhGm.png,ok,
expansion\dog_entropion\train_D6_0c0e28d3-60a5-11ec-8402-0a7404972c70_png.rf.ZdSOdgyMHCTixBVvna8Q.png,ok,
expansion\dog_entropion\train_D6_0c3d498d-60a5-11ec-8402-0a7404972c70_png.rf.OBOXHNqsIDV2pOWM39fq.png,ok,
expansion\dog_entropion\train_D6_0c4cf1cf-60a5-11ec-8402-0a7404972c70_png.rf.n8HkvTKEfi0ufo21ifRB.png,ok,
expansion\dog_entropion\train_D6_29889630-60a5-11ec-8402-0a7404972c70_jpg.rf.SjnMpTMVa8vFnQU7sy81.jpg,ok,
expansion\dog_entropion\train_D6_29accd20-60a5-11ec-8402-0a7404972c70_jpg.rf.lAwgwjjomYZ1T7RjUCv3.jpg,ok,
expansion\dog_entropion\train_D6_29acfa7b-60a5-11ec-8402-0a7404972c70_jpg.rf.qvVpglwloBMd33YwZCSG.jpg,ok,
expansion\dog_entropion\train_D6_29bfd691-60a5-11ec-8402-0a7404972c70_jpg.rf.p2gVdGqcUaw3PVf1bj6z.jpg,ok,
expansion\dog_entropion\train_D6_29cf327d-60a5-11ec-8402-0a7404972c70_jpg.rf.pNB9BIMCxYAPloyvmh8n.jpg,ok,
expansion\dog_entropion\train_D6_29db8f57-60a5-11ec-8402-0a7404972c70_jpg.rf.HhYL6BhbOWwldbxznTRV.jpg,ok,
expansion\dog_entropion\train_D6_29ec0b78-60a5-11ec-8402-0a7404972c70_jpg.rf.TieRy7R5qdSg5wXMOJIB.jpg,ok,
expansion\dog_entropion\train_D7_03d3d1a8-60a5-11ec-8402-0a7404972c70_png.rf.G7qmCuVuzvxe32Kfhy9z.png,ok,
expansion\dog_entropion\train_D7_0c0cfd79-60a5-11ec-8402-0a7404972c70_png.rf.GenqUz1guCivKRWNk94Y.png,ok,
expansion\dog_entropion\train_D7_0c57a881-60a5-11ec-8402-0a7404972c70_png.rf.dAHmmMKuXE61FspTMBRT.png,ok,
expansion\dog_entropion\train_D7_0c6214c0-60a5-11ec-8402-0a7404972c70_png.rf.QBRMCFZGfbwED5IXklMl.png,flagged,likely_blurry (var=23.8)
expansion\dog_entropion\train_D7_29cd9a56-60a5-11ec-8402-0a7404972c70_jpg.rf.9JoJ8bWDftYSCILTxMad.jpg,ok,
expansion\dog_entropion\train_D7_29dfb5c2-60a5-11ec-8402-0a7404972c70_jpg.rf.5YnbEt6vaOX1rCDYMRoq.jpg,ok,
expansion\dog_entropion\train_D8_03d2be04-60a5-11ec-8402-0a7404972c70_png.rf.5o7jFord6vyCI0NXXnPt.png,ok,
expansion\dog_entropion\train_D8_0c303e80-60a5-11ec-8402-0a7404972c70_png.rf.VnJeD5pjgSiv7iPNqRGR.png,ok,
expansion\dog_entropion\train_D8_0c674e6b-60a5-11ec-8402-0a7404972c70_png.rf.xaToHnihhNWK5GBuHPwK.png,ok,
expansion\dog_entropion\train_D8_245a5d79-60a5-11ec-8402-0a7404972c70_jpg.rf.J8eGJNtDT64BIcvpvfwU.jpg,flagged,likely_blurry (var=20.0)
expansion\dog_entropion\train_D8_247fbe0d-60a5-11ec-8402-0a7404972c70_jpg.rf.Qads5vVRTZfGjdRNuuOM.jpg,ok,
expansion\dog_entropion\train_D8_24828d3c-60a5-11ec-8402-0a7404972c70_jpg.rf.v2Xe7G1klb3O4YrbiG6g.jpg,ok,
expansion\dog_entropion\train_D8_298949b9-60a5-11ec-8402-0a7404972c70_jpg.rf.0sZSTKcfn8PpEwXVDwm0.jpg,ok,
expansion\dog_entropion\train_D8_29e15ee8-60a5-11ec-8402-0a7404972c70_jpg.rf.Zdw0Oiv1iupA6QbQd5Hq.jpg,ok,
expansion\dog_entropion\train_D8_29e2ef58-60a5-11ec-8402-0a7404972c70_jpg.rf.KfRzzHAm8gl5rrgHQIcF.jpg,ok,
expansion\dog_entropion\train_D8_29eec3b6-60a5-11ec-8402-0a7404972c70_jpg.rf.jxVaLHa9DkNIl0XPvMZB.jpg,ok,
expansion\dog_entropion\train_D9_03ba8391-60a5-11ec-8402-0a7404972c70_png.rf.dkMcDeOqAemMAb40RNKT.png,ok,
expansion\dog_entropion\train_D9_0bf4eb93-60a5-11ec-8402-0a7404972c70_png.rf.MpcYdFmQADS8YdbxqJCF.png,ok,
expansion\dog_entropion\train_D9_0c1ce4c1-60a5-11ec-8402-0a7404972c70_png.rf.2VrkvSsjAJYHzbqg5Tmd.png,ok,
expansion\dog_entropion\train_D9_0c28385a-60a5-11ec-8402-0a7404972c70_png.rf.DNkB26UqRtvlDGiVBzaf.png,ok,
expansion\dog_entropion\train_D9_0c832403-60a5-11ec-8402-0a7404972c70_png.rf.db5iiRTWOf5j7QM9y5cD.png,ok,
expansion\dog_entropion\train_D9_0c94a933-60a5-11ec-8402-0a7404972c70_png.rf.w6Ok2oopoHwiFhPeQ6KU.png,ok,
expansion\dog_entropion\train_D9_2994d811-60a5-11ec-8402-0a7404972c70_jpg.rf.atnX3MwOddFDwTdFopOS.jpg,ok,
expansion\dog_entropion\train_D9_299d6a3b-60a5-11ec-8402-0a7404972c70_jpg.rf.T4t4aC3WGs4GvV89l2yA.jpg,flagged,likely_blurry (var=26.1)
expansion\dog_entropion\train_D9_29bf3431-60a5-11ec-8402-0a7404972c70_jpg.rf.8SK0mULgkcVDl3Tj8lek.jpg,flagged,likely_blurry (var=29.3)
expansion\dog_entropion\train_D9_29d7121d-60a5-11ec-8402-0a7404972c70_jpg.rf.k3aaX6t5i1XSnAtGDrJa.jpg,ok,
expansion\dog_entropion\valid_D0_0367052d-60a5-11ec-8402-0a7404972c70_jpg.rf.j9JxO5EcxuyKIYEpkFQX.jpg,flagged,likely_blurry (var=29.2)
expansion\dog_entropion\valid_D10_0c5a9231-60a5-11ec-8402-0a7404972c70_png.rf.Ptz20lH8DSCChIaT1i0P.png,ok,
expansion\dog_entropion\valid_D10_0e49c674-60a5-11ec-8402-0a7404972c70_jpg.rf.GAJ1CFqO7ZNncnAO9VsZ.jpg,ok,
expansion\dog_entropion\valid_D12_0e586340-60a5-11ec-8402-0a7404972c70_jpg.rf.YPsPVDAVwqPhaX7xk7HG.jpg,ok,
expansion\dog_entropion\valid_D12_36ae77d4-60a5-11ec-8402-0a7404972c70_jpg.rf.Zqz2oag0dUUwwKcB9NsT.jpg,ok,
expansion\dog_entropion\valid_D13_0368719e-60a5-11ec-8402-0a7404972c70_jpg.rf.DK5Qd4LYHBvoyaTv0c2t.jpg,ok,
expansion\dog_entropion\valid_D13_0e46b0c9-60a5-11ec-8402-0a7404972c70_jpg.rf.gQQ4SQgowgPFJuWJOTbT.jpg,ok,
expansion\dog_entropion\valid_D13_0e47bc6b-60a5-11ec-8402-0a7404972c70_jpg.rf.lCLs1how5Xw3ZMNKfAcw.jpg,ok,
expansion\dog_entropion\valid_D13_2ed3be63-60a5-11ec-8402-0a7404972c70_jpg.rf.sJKelxsYtXyaOVVBFGm2.jpg,flagged,likely_blurry (var=12.5)
expansion\dog_entropion\valid_D14_0e71b436-60a5-11ec-8402-0a7404972c70_jpg.rf.kYJLkI9n8nMrMl54r6RE.jpg,ok,
expansion\dog_entropion\valid_D15_0e46ee42-60a5-11ec-8402-0a7404972c70_jpg.rf.nEux2409zv9M9oR1hkOd.jpg,ok,
expansion\dog_entropion\valid_D15_0e5cd265-60a5-11ec-8402-0a7404972c70_jpg.rf.ADvLYAjdKc9INpcVHVTu.jpg,ok,
expansion\dog_entropion\valid_D15_2e2433c5-60a5-11ec-8402-0a7404972c70_jpg.rf.ZJQpJGVMPJULuY7H8Jlp.jpg,ok,
expansion\dog_entropion\valid_D15_36a637a3-60a5-11ec-8402-0a7404972c70_jpg.rf.VHEhSX2R83Iwbj3Pq52l.jpg,ok,
expansion\dog_entropion\valid_D16_0e4a7636-60a5-11ec-8402-0a7404972c70_jpg.rf.Mu5z5rjrCEmLMtg3DU6T.jpg,ok,
expansion\dog_entropion\valid_D16_0e623fa3-60a5-11ec-8402-0a7404972c70_jpg.rf.JVqTYKItMC6Djruifyr8.jpg,ok,
expansion\dog_entropion\valid_D17_0368c5f1-60a5-11ec-8402-0a7404972c70_jpg.rf.Xxo0enYLHJsFRkPlnzwM.jpg,ok,
expansion\dog_entropion\valid_D17_0e4e67c0-60a5-11ec-8402-0a7404972c70_jpg.rf.oFK9kStQUH5YlMTtBfQD.jpg,ok,
expansion\dog_entropion\valid_D17_0e652a8e-60a5-11ec-8402-0a7404972c70_jpg.rf.5ouGCDapA8dOrOYbGNoC.jpg,ok,
expansion\dog_entropion\valid_D18_0e4a6aba-60a5-11ec-8402-0a7404972c70_jpg.rf.i6QQwRSWpwYTRwQa8IAP.jpg,ok,
expansion\dog_entropion\valid_D18_0e4e891c-60a5-11ec-8402-0a7404972c70_jpg.rf.DtC2M0njFRF4Ukl3H1LM.jpg,flagged,likely_blurry (var=23.8)
expansion\dog_entropion\valid_D18_0e5fd84b-60a5-11ec-8402-0a7404972c70_jpg.rf.gunmiiHjjWWA2rHwj1D2.jpg,ok,
expansion\dog_entropion\valid_D18_0e808a72-60a5-11ec-8402-0a7404972c70_jpg.rf.Hrz9DLjWv1QhhxsNEg2O.jpg,ok,
expansion\dog_entropion\valid_D19_03637d28-60a5-11ec-8402-0a7404972c70_jpg.rf.lWTFAPtLtLH26BFjp5FB.jpg,ok,
expansion\dog_entropion\valid_D19_03658a73-60a5-11ec-8402-0a7404972c70_jpg.rf.JI2F0LoDwQho5sERInI5.jpg,ok,
expansion\dog_entropion\valid_D19_0e5825d3-60a5-11ec-8402-0a7404972c70_jpg.rf.3JjGXVlaiCazTjuqjsBk.jpg,ok,
expansion\dog_entropion\valid_D19_0e611e24-60a5-11ec-8402-0a7404972c70_jpg.rf.NyDqE0VZ57ii39MRGeP2.jpg,ok,
expansion\dog_entropion\valid_D19_0e65439d-60a5-11ec-8402-0a7404972c70_jpg.rf.GeNQmzdCkMxplu7rluNh.jpg,ok,
expansion\dog_entropion\valid_D1_0e576f19-60a5-11ec-8402-0a7404972c70_jpg.rf.h5HrceNwDJjMVdSRtOEN.jpg,ok,
expansion\dog_entropion\valid_D1_0e80016a-60a5-11ec-8402-0a7404972c70_jpg.rf.BESBk5cMOBGdDxsA9fhd.jpg,ok,
expansion\dog_entropion\valid_D1_36a5afee-60a5-11ec-8402-0a7404972c70_jpg.rf.acKaK5ibkO93mB77VGEX.jpg,ok,
expansion\dog_entropion\valid_D20_036cc6e5-60a5-11ec-8402-0a7404972c70_jpg.rf.V79u6ZYaLo8UcMQ1ctLV.jpg,ok,
expansion\dog_entropion\valid_D20_0e520697-60a5-11ec-8402-0a7404972c70_jpg.rf.9MKJtTpDIzC8AZ8JBO4i.jpg,ok,
expansion\dog_entropion\valid_D20_0e5fce68-60a5-11ec-8402-0a7404972c70_jpg.rf.Itfka7aWRrymMVu0eMWe.jpg,ok,
expansion\dog_entropion\valid_D21_0e429179-60a5-11ec-8402-0a7404972c70_jpg.rf.KXTxTCnDLQqvcDRvIOtB.jpg,ok,
expansion\dog_entropion\valid_D21_0e4a60ac-60a5-11ec-8402-0a7404972c70_jpg.rf.IEqn1VrSUhkP3hQkP8oU.jpg,ok,
expansion\dog_entropion\valid_D21_0e5ea30e-60a5-11ec-8402-0a7404972c70_jpg.rf.DiARVeQpIx1ZH5Q7Crkq.jpg,ok,
expansion\dog_entropion\valid_D21_0e62449c-60a5-11ec-8402-0a7404972c70_jpg.rf.NfUgbWwi6hlbgJy8TYvy.jpg,ok,
expansion\dog_entropion\valid_D22_03664ada-60a5-11ec-8402-0a7404972c70_jpg.rf.Xh8PQnZ6BCVsQpSae6wS.jpg,ok,
expansion\dog_entropion\valid_D22_0e530ea1-60a5-11ec-8402-0a7404972c70_jpg.rf.GPI7czmhmyLYJMFFdMej.jpg,ok,
expansion\dog_entropion\valid_D22_0e55e1af-60a5-11ec-8402-0a7404972c70_jpg.rf.eAVCOuBZyvFUh7anydTT.jpg,ok,
expansion\dog_entropion\valid_D23_0e44b432-60a5-11ec-8402-0a7404972c70_jpg.rf.iMIoFm1SyEhUwUcmDYA6.jpg,ok,
expansion\dog_entropion\valid_D23_0e518c3c-60a5-11ec-8402-0a7404972c70_jpg.rf.F8Q0XAjn4edNnd9JfPDH.jpg,ok,
expansion\dog_entropion\valid_D23_0e5a706f-60a5-11ec-8402-0a7404972c70_jpg.rf.sK8dpTXVUwRepF8bo80B.jpg,ok,
expansion\dog_entropion\valid_D23_0e5dd539-60a5-11ec-8402-0a7404972c70_jpg.rf.PetrdiZ2RiG6ZgCi0y3y.jpg,ok,
expansion\dog_entropion\valid_D23_0e616fc6-60a5-11ec-8402-0a7404972c70_jpg.rf.5OH3RO8Hr7C0cEmugKvU.jpg,ok,
expansion\dog_entropion\valid_D23_0e657bd8-60a5-11ec-8402-0a7404972c70_jpg.rf.B7VmAOOvRPOOFdGyOGLo.jpg,ok,
expansion\dog_entropion\valid_D23_2e2415cf-60a5-11ec-8402-0a7404972c70_jpg.rf.ovU3JJhA5hDs6tfQ48pL.jpg,flagged,likely_blurry (var=22.2)
expansion\dog_entropion\valid_D24_0e4ad40b-60a5-11ec-8402-0a7404972c70_jpg.rf.je0hQSXANNW0rFVSTWqG.jpg,ok,
expansion\dog_entropion\valid_D24_0e4bb5ba-60a5-11ec-8402-0a7404972c70_jpg.rf.ktMRw22QHX2frGvjMYuo.jpg,ok,
expansion\dog_entropion\valid_D24_3285cd24-60a5-11ec-8402-0a7404972c70_jpg.rf.yt8gbo4uYMIURyaGioBi.jpg,flagged,likely_blurry (var=24.9)
expansion\dog_entropion\valid_D25_0e47d134-60a5-11ec-8402-0a7404972c70_jpg.rf.QaRRdPTjXHZLf4xdikel.jpg,ok,
expansion\dog_entropion\valid_D25_0e4e5cbe-60a5-11ec-8402-0a7404972c70_jpg.rf.xmwOOFiF8ZomklsiSwGr.jpg,ok,
expansion\dog_entropion\valid_D25_0e600ab7-60a5-11ec-8402-0a7404972c70_jpg.rf.vwxqSqpRSrIVSMQVDLWN.jpg,flagged,likely_blurry (var=28.1)
expansion\dog_entropion\valid_D25_36ae67e4-60a5-11ec-8402-0a7404972c70_jpg.rf.h5xi5GbG5wSC5zkElLH9.jpg,ok,
expansion\dog_entropion\valid_D26_0e5ead48-60a5-11ec-8402-0a7404972c70_jpg.rf.jfS6vSEvJW7QM9WL0zzo.jpg,ok,
expansion\dog_entropion\valid_D27_0362376f-60a5-11ec-8402-0a7404972c70_jpg.rf.DTiLzZelZ7HmIrpYqCsV.jpg,ok,
expansion\dog_entropion\valid_D27_0e4aa630-60a5-11ec-8402-0a7404972c70_jpg.rf.DILMggHWds5JiVd3CB6v.jpg,ok,
expansion\dog_entropion\valid_D27_0e51dd5f-60a5-11ec-8402-0a7404972c70_jpg.rf.YQs451xkfbM06myiSSxP.jpg,ok,
expansion\dog_entropion\valid_D27_0e58ce32-60a5-11ec-8402-0a7404972c70_jpg.rf.TlxkPS00zpHEZWQbgwQt.jpg,ok,
expansion\dog_entropion\valid_D27_0e601a35-60a5-11ec-8402-0a7404972c70_jpg.rf.5gT4MyhNf8ZcmaI3zTKJ.jpg,ok,
expansion\dog_entropion\valid_D27_0e62c95b-60a5-11ec-8402-0a7404972c70_jpg.rf.8o76idUQinF4qOQPdAXB.jpg,ok,
expansion\dog_entropion\valid_D28_0e566090-60a5-11ec-8402-0a7404972c70_jpg.rf.HQ4gTPFUrjiD9V1Ykasf.jpg,ok,
expansion\dog_entropion\valid_D28_0e603fea-60a5-11ec-8402-0a7404972c70_jpg.rf.YqBhXCVhvA38XLe7YtI2.jpg,ok,
expansion\dog_entropion\valid_D28_0e7a4646-60a5-11ec-8402-0a7404972c70_jpg.rf.f6RJK1UC4HfP5xEQdB71.jpg,flagged,likely_blurry (var=26.1)
expansion\dog_entropion\valid_D28_32854acf-60a5-11ec-8402-0a7404972c70_jpg.rf.c8YZMtGdXLCZwpwukukb.jpg,flagged,likely_blurry (var=28.4)
expansion\dog_entropion\valid_D28_36ae96c7-60a5-11ec-8402-0a7404972c70_jpg.rf.IYCNg4Pb99Y2Ve3rCgAD.jpg,ok,
expansion\dog_entropion\valid_D29_0e46c50c-60a5-11ec-8402-0a7404972c70_jpg.rf.F5TvOnzFAk9JU9tSZvYq.jpg,ok,
expansion\dog_entropion\valid_D29_0e520b71-60a5-11ec-8402-0a7404972c70_jpg.rf.uG7vnQYVthILsldST85V.jpg,ok,
expansion\dog_entropion\valid_D29_0e6a9f10-60a5-11ec-8402-0a7404972c70_jpg.rf.0qx4hsbwCcQRwZq1tlsb.jpg,ok,
expansion\dog_entropion\valid_D2_0e5850dc-60a5-11ec-8402-0a7404972c70_jpg.rf.4EgjuTnnw6nWUnMJ7XJk.jpg,ok,
expansion\dog_entropion\valid_D2_36c582a8-60a5-11ec-8402-0a7404972c70_jpg.rf.10LEh8qm10oFTPu3bWoA.jpg,flagged,likely_blurry (var=23.7)
expansion\dog_entropion\valid_D30_0367f7a5-60a5-11ec-8402-0a7404972c70_jpg.rf.UTeOgtRBSj7LvmDa9ADQ.jpg,ok,
expansion\dog_entropion\valid_D30_0e5bf369-60a5-11ec-8402-0a7404972c70_jpg.rf.SFR4tmGtwAVueywLvZVJ.jpg,ok,
expansion\dog_entropion\valid_D30_0e5f54f0-60a5-11ec-8402-0a7404972c70_jpg.rf.9EOtFq3PA9KKkyPAIYcP.jpg,ok,
expansion\dog_entropion\valid_D31_0e4391e8-60a5-11ec-8402-0a7404972c70_jpg.rf.RHtwlcCb6Kj4X3OIzbnc.jpg,ok,
expansion\dog_entropion\valid_D31_0e588e5b-60a5-11ec-8402-0a7404972c70_jpg.rf.6R0RBqzYtBuOW6MWktIu.jpg,ok,
expansion\dog_entropion\valid_D31_0e6a99c6-60a5-11ec-8402-0a7404972c70_jpg.rf.cWA7rpGkJvQBqRnkDGdp.jpg,ok,
expansion\dog_entropion\valid_D31_0e782642-60a5-11ec-8402-0a7404972c70_jpg.rf.aqKSTORfTtkK4LK01Jyz.jpg,ok,
expansion\dog_entropion\valid_D32_0e43a213-60a5-11ec-8402-0a7404972c70_jpg.rf.9VgQp6E36upSZGpJWSkA.jpg,ok,
expansion\dog_entropion\valid_D32_0e4a911e-60a5-11ec-8402-0a7404972c70_jpg.rf.HgwXxSLDgHCxOQvtdYql.jpg,ok,
expansion\dog_entropion\valid_D32_0e561ea4-60a5-11ec-8402-0a7404972c70_jpg.rf.m7Msvbym7pIDaD2Q16oF.jpg,ok,
expansion\dog_entropion\valid_D32_0e57e99c-60a5-11ec-8402-0a7404972c70_jpg.rf.GAlyhyMMu2riuO0uSYi3.jpg,ok,
expansion\dog_entropion\valid_D32_2f2193aa-60a5-11ec-8402-0a7404972c70_jpg.rf.6giAwB664oyT0Dz8NTiI.jpg,ok,
expansion\dog_entropion\valid_D33_0e45e5cb-60a5-11ec-8402-0a7404972c70_jpg.rf.qvZci1dy7e4VyovdHKEd.jpg,ok,
expansion\dog_entropion\valid_D33_0e47b73d-60a5-11ec-8402-0a7404972c70_jpg.rf.8tzYVEEdRoMWCwez3ppk.jpg,ok,
expansion\dog_entropion\valid_D33_0e49dab3-60a5-11ec-8402-0a7404972c70_jpg.rf.ZamvyHoPPtwJpm3L567g.jpg,ok,
expansion\dog_entropion\valid_D34_31ca596f-60a5-11ec-8402-0a7404972c70_jpg.rf.bDBUpaeMk3enD0J2hfgz.jpg,flagged,likely_blurry (var=11.1)
expansion\dog_entropion\valid_D34_36ae5853-60a5-11ec-8402-0a7404972c70_jpg.rf.btpvOODBDMV8QhVEC5v9.jpg,ok,
expansion\dog_entropion\valid_D3_0e53296b-60a5-11ec-8402-0a7404972c70_jpg.rf.Gdu8bpa6JcHt9ICFwBfV.jpg,ok,
expansion\dog_entropion\valid_D3_0e57ef2e-60a5-11ec-8402-0a7404972c70_jpg.rf.YfE3EdAxG2EYyCw26ST6.jpg,ok,
expansion\dog_entropion\valid_D3_0e5e6a48-60a5-11ec-8402-0a7404972c70_jpg.rf.HOmVVRNm1pq0yKH3eZhj.jpg,ok,
expansion\dog_entropion\valid_D3_0e645ec0-60a5-11ec-8402-0a7404972c70_jpg.rf.9Z2MLEKV1UZIgIu206pA.jpg,ok,
expansion\dog_entropion\valid_D3_0e72f554-60a5-11ec-8402-0a7404972c70_jpg.rf.GR0OICXC7zQZxspgqbts.jpg,ok,
expansion\dog_entropion\valid_D4_2ed3ef8a-60a5-11ec-8402-0a7404972c70_jpg.rf.cMJ3RUQ7w3yl76XoqnRw.jpg,flagged,likely_blurry (var=17.1)
expansion\dog_entropion\valid_D5_03cdd596-60a5-11ec-8402-0a7404972c70_png.rf.bbpUriBpo16M30YFP9jl.png,ok,
expansion\dog_entropion\valid_D5_0e60e0f0-60a5-11ec-8402-0a7404972c70_jpg.rf.evfpbZLGTiZjFNEcopXq.jpg,ok,
expansion\dog_entropion\valid_D5_29b7da81-60a5-11ec-8402-0a7404972c70_jpg.rf.g5m0kWoFEFu381Iy0RM4.jpg,ok,
expansion\dog_entropion\valid_D5_29c6eb96-60a5-11ec-8402-0a7404972c70_jpg.rf.y8stX9dLaXC8a3RjNK3j.jpg,ok,
expansion\dog_entropion\valid_D5_29ecee19-60a5-11ec-8402-0a7404972c70_jpg.rf.1YVfE5Enchb369Rm5lrZ.jpg,flagged,likely_blurry (var=17.0)
expansion\dog_entropion\valid_D5_29f30eef-60a5-11ec-8402-0a7404972c70_jpg.rf.1CP01vVJ1mtpxzsm9OM0.jpg,ok,
expansion\dog_entropion\valid_D5_29fa0dbe-60a5-11ec-8402-0a7404972c70_jpg.rf.zkeRen0cECPGFoVOWuyy.jpg,ok,
expansion\dog_entropion\valid_D6_245b4fcb-60a5-11ec-8402-0a7404972c70_jpg.rf.nKngg5s55hlEZvRYGK7N.jpg,ok,
expansion\dog_entropion\valid_D6_29e2d64d-60a5-11ec-8402-0a7404972c70_jpg.rf.TW1l4n0rLFo9DREZwDqG.jpg,ok,
expansion\dog_entropion\valid_D7_03df5956-60a5-11ec-8402-0a7404972c70_png.rf.sHooi4Etsp94qwY9wOVQ.png,ok,
expansion\dog_entropion\valid_D7_0c0c35b6-60a5-11ec-8402-0a7404972c70_png.rf.YDYa9YkXYrjj6Jim5i4r.png,ok,
expansion\dog_entropion\valid_D7_0c3df5e1-60a5-11ec-8402-0a7404972c70_png.rf.6PoJYJStYfsCO7u2o7an.png,ok,
expansion\dog_entropion\valid_D7_0c568cb8-60a5-11ec-8402-0a7404972c70_png.rf.lrrSmkpusrT2CLt5tcZH.png,ok,
expansion\dog_entropion\valid_D7_29a9fe57-60a5-11ec-8402-0a7404972c70_jpg.rf.FOHUzRD8QJ6jMMqaH8Ud.jpg,ok,
expansion\dog_entropion\valid_D7_29d49793-60a5-11ec-8402-0a7404972c70_jpg.rf.OF06L1DC2eO348Kcmt5j.jpg,ok,
expansion\dog_entropion\valid_D8_0c545241-60a5-11ec-8402-0a7404972c70_png.rf.aTOc5ywnY8VlnSEio98L.png,ok,
expansion\dog_entropion\valid_D8_247bfe39-60a5-11ec-8402-0a7404972c70_jpg.rf.jTf80etkqKG1EHAeh4Lj.jpg,ok,
expansion\dog_entropion\valid_D9_0c1f0de5-60a5-11ec-8402-0a7404972c70_png.rf.5UOWzO2D7d6609iuqSWp.png,ok,
expansion\dog_entropion\valid_D9_0c48c788-60a5-11ec-8402-0a7404972c70_png.rf.JblaroRxurQJKWAfaCfk.png,ok,
expansion\dog_entropion\valid_D9_29b99446-60a5-11ec-8402-0a7404972c70_jpg.rf.2UYLbj7W8TrGAtLUYxTX.jpg,ok,
expansion\dog_entropion\valid_D9_29d584eb-60a5-11ec-8402-0a7404972c70_jpg.rf.LbABq3xmhBb0dpZSsAQI.jpg,ok,
