cluster_id,image_count,class_count,classes,pair_count,exact_pairs,near_pairs,cross_class
456,11,2,hotspot|pyoderma,55,36,19,True
476,10,2,hotspot|pyoderma,45,36,9,True
460,8,2,hotspot|pyoderma,28,15,13,True
466,8,2,hotspot|pyoderma,28,28,0,True
508,8,2,hotspot|pyoderma,18,2,16,True
533,8,3,hotspot|pyoderma|ringworm,28,21,7,True
535,8,2,hotspot|pyoderma,28,28,0,True
443,7,2,healthy_skin|lumpy_skin_disease,21,9,12,True
468,7,2,hotspot|pyoderma,21,21,0,True
517,7,2,hotspot|pyoderma,21,15,6,True
539,7,2,hotspot|pyoderma,21,21,0,True
542,7,2,hotspot|pyoderma,21,21,0,True
543,7,3,hotspot|pyoderma|ringworm,21,21,0,True
546,7,3,hotspot|pyoderma|ringworm,21,5,16,True
524,6,2,hotspot|pyoderma,15,7,8,True
529,6,3,hotspot|pyoderma|ringworm,15,15,0,True
532,6,2,hotspot|pyoderma,15,15,0,True
536,6,2,hotspot|pyoderma,15,10,5,True
538,6,2,hotspot|pyoderma,15,10,5,True
541,6,2,hotspot|pyoderma,15,6,9,True
86,5,2,healthy_cattle|lumpy_skin_disease,10,10,0,True
306,5,3,fungal_infection|hotspot|pyoderma,10,6,4,True
379,5,2,fungal_infection|ringworm,10,6,4,True
457,5,2,hotspot|pyoderma,10,10,0,True
515,5,2,hotspot|pyoderma,10,6,4,True
526,5,2,hotspot|pyoderma,10,10,0,True
527,5,2,hotspot|pyoderma,10,10,0,True
531,5,2,hotspot|pyoderma,10,10,0,True
534,5,2,hotspot|pyoderma,10,6,4,True
537,5,2,hotspot|pyoderma,10,6,4,True
571,5,2,hotspot|pyoderma,10,1,9,True
593,5,2,hotspot|pyoderma,10,10,0,True
616,5,3,hotspot|pyoderma|ringworm,10,10,0,True
669,5,3,hotspot|pyoderma|ringworm,10,6,4,True
1153,5,2,pyoderma|ringworm,10,6,4,True
24,4,2,healthy_cattle|healthy_skin,6,6,0,True
26,4,2,healthy_cattle|healthy_skin,6,6,0,True
73,4,3,healthy_cattle|healthy_skin|lumpy_skin_disease,6,6,0,True
130,4,2,healthy_cattle|healthy_skin,6,6,0,True
222,4,3,allergic_dermatitis|hotspot|pyoderma,6,6,0,True
223,4,3,allergic_dermatitis|hotspot|pyoderma,6,6,0,True
335,4,2,fungal_infection|hotspot,6,6,0,True
378,4,2,fungal_infection|ringworm,6,3,3,True
454,4,2,hotspot|pyoderma,6,6,0,True
488,4,3,hotspot|pyoderma|ringworm,6,1,5,True
545,4,2,hotspot|pyoderma,6,6,0,True
582,4,2,hotspot|pyoderma,6,6,0,True
584,4,2,hotspot|pyoderma,6,6,0,True
585,4,2,hotspot|pyoderma,6,3,3,True
587,4,2,hotspot|pyoderma,6,6,0,True
595,4,2,hotspot|pyoderma,6,6,0,True
600,4,2,hotspot|pyoderma,6,6,0,True
602,4,2,hotspot|pyoderma,6,6,0,True
603,4,2,hotspot|pyoderma,6,6,0,True
612,4,2,hotspot|pyoderma,6,6,0,True
614,4,2,hotspot|pyoderma,6,6,0,True
617,4,2,hotspot|pyoderma,6,6,0,True
618,4,2,hotspot|pyoderma,6,2,4,True
619,4,2,hotspot|pyoderma,6,6,0,True
620,4,2,hotspot|pyoderma,6,6,0,True
625,4,2,hotspot|pyoderma,6,6,0,True
626,4,2,hotspot|pyoderma,6,3,3,True
630,4,2,hotspot|pyoderma,6,6,0,True
637,4,2,hotspot|pyoderma,6,6,0,True
654,4,2,hotspot|pyoderma,3,0,3,True
675,4,2,hotspot|ringworm,5,1,4,True
4,3,2,healthy_cattle|healthy_skin,3,3,0,True
6,3,2,healthy_cattle|healthy_skin,3,1,2,True
9,3,2,healthy_cattle|healthy_skin,3,3,0,True
28,3,2,healthy_cattle|healthy_skin,3,3,0,True
31,3,2,healthy_cattle|healthy_skin,3,3,0,True
34,3,2,healthy_cattle|healthy_skin,3,3,0,True
39,3,2,healthy_cattle|healthy_skin,3,3,0,True
47,3,2,healthy_cattle|healthy_skin,3,3,0,True
62,3,2,healthy_cattle|healthy_skin,3,1,2,True
67,3,2,healthy_cattle|healthy_skin,3,3,0,True
75,3,2,healthy_cattle|healthy_skin,3,3,0,True
82,3,2,healthy_cattle|healthy_skin,3,3,0,True
84,3,2,healthy_cattle|healthy_skin,3,3,0,True
85,3,2,healthy_cattle|healthy_skin,3,3,0,True
133,3,2,healthy_cattle|healthy_skin,3,1,2,True
134,3,2,healthy_cattle|healthy_skin,3,3,0,True
162,3,2,allergic_dermatitis|fungal_infection,3,0,3,True
163,3,2,allergic_dermatitis|ringworm,3,3,0,True
411,3,2,healthy_skin|lumpy_skin_disease,3,3,0,True
422,3,2,healthy_skin|lumpy_skin_disease,3,1,2,True
431,3,2,healthy_skin|lumpy_skin_disease,3,1,2,True
438,3,2,healthy_skin|lumpy_skin_disease,3,3,0,True
441,3,2,healthy_skin|lumpy_skin_disease,3,3,0,True
459,3,2,hotspot|pyoderma,3,3,0,True
463,3,2,hotspot|pyoderma,3,3,0,True
492,3,2,hotspot|pyoderma,3,3,0,True
493,3,2,hotspot|pyoderma,3,3,0,True
494,3,2,hotspot|pyoderma,3,3,0,True
495,3,2,hotspot|pyoderma,3,3,0,True
496,3,2,hotspot|pyoderma,3,3,0,True
497,3,2,hotspot|pyoderma,3,3,0,True
498,3,2,hotspot|pyoderma,3,3,0,True
499,3,2,hotspot|pyoderma,3,3,0,True
500,3,2,hotspot|pyoderma,3,3,0,True
501,3,2,hotspot|pyoderma,3,3,0,True
502,3,2,hotspot|pyoderma,3,3,0,True
503,3,2,hotspot|pyoderma,3,3,0,True
504,3,2,hotspot|pyoderma,3,3,0,True
505,3,2,hotspot|pyoderma,3,3,0,True
506,3,2,hotspot|pyoderma,3,3,0,True
507,3,2,hotspot|pyoderma,3,3,0,True
510,3,2,hotspot|pyoderma,3,3,0,True
511,3,2,hotspot|pyoderma,3,3,0,True
512,3,2,hotspot|pyoderma,3,3,0,True
513,3,2,hotspot|pyoderma,3,3,0,True
514,3,2,hotspot|pyoderma,3,3,0,True
516,3,2,hotspot|pyoderma,3,3,0,True
518,3,2,hotspot|pyoderma,3,3,0,True
519,3,2,hotspot|pyoderma,3,3,0,True
520,3,2,hotspot|pyoderma,3,3,0,True
549,3,2,hotspot|pyoderma,3,3,0,True
553,3,2,hotspot|pyoderma,3,3,0,True
554,3,3,hotspot|pyoderma|ringworm,3,3,0,True
567,3,2,hotspot|pyoderma,2,0,2,True
568,3,2,hotspot|pyoderma,3,1,2,True
569,3,2,hotspot|pyoderma,2,0,2,True
572,3,2,hotspot|pyoderma,3,3,0,True
573,3,2,hotspot|pyoderma,3,3,0,True
589,3,2,hotspot|pyoderma,3,1,2,True
591,3,2,hotspot|ringworm,3,3,0,True
592,3,2,hotspot|ringworm,3,3,0,True
601,3,2,hotspot|pyoderma,3,3,0,True
606,3,2,hotspot|pyoderma,3,3,0,True
608,3,2,hotspot|pyoderma,3,3,0,True
611,3,2,hotspot|pyoderma,3,3,0,True
613,3,2,hotspot|pyoderma,3,3,0,True
615,3,2,hotspot|pyoderma,3,3,0,True
623,3,2,hotspot|pyoderma,3,3,0,True
631,3,2,hotspot|pyoderma,3,3,0,True
632,3,2,hotspot|ringworm,3,1,2,True
638,3,2,hotspot|pyoderma,3,3,0,True
640,3,2,hotspot|pyoderma,3,3,0,True
642,3,2,hotspot|pyoderma,3,3,0,True
653,3,2,hotspot|pyoderma,3,0,3,True
657,3,2,hotspot|ringworm,3,0,3,True
661,3,2,hotspot|pyoderma,3,3,0,True
670,3,2,hotspot|pyoderma,3,1,2,True
671,3,2,hotspot|pyoderma,3,1,2,True
1036,3,2,mange|scabies,3,3,0,True
1,2,2,Unlabeled|lumpy_skin_disease,1,1,0,True
5,2,2,healthy_cattle|healthy_skin,1,1,0,True
7,2,2,healthy_cattle|healthy_skin,1,1,0,True
10,2,2,healthy_cattle|healthy_skin,1,0,1,True
12,2,2,healthy_cattle|healthy_skin,1,1,0,True
14,2,2,healthy_cattle|healthy_skin,1,1,0,True
15,2,2,healthy_cattle|healthy_skin,1,1,0,True
16,2,2,healthy_cattle|healthy_skin,1,1,0,True
19,2,2,healthy_cattle|healthy_skin,1,0,1,True
20,2,2,healthy_cattle|healthy_skin,1,0,1,True
21,2,2,healthy_cattle|healthy_skin,1,1,0,True
22,2,2,healthy_cattle|healthy_skin,1,1,0,True
23,2,2,healthy_cattle|healthy_skin,1,1,0,True
27,2,2,healthy_cattle|healthy_skin,1,1,0,True
29,2,2,healthy_cattle|healthy_skin,1,1,0,True
30,2,2,healthy_cattle|healthy_skin,1,1,0,True
32,2,2,healthy_cattle|healthy_skin,1,1,0,True
33,2,2,healthy_cattle|healthy_skin,1,1,0,True
35,2,2,healthy_cattle|healthy_skin,1,1,0,True
36,2,2,healthy_cattle|healthy_skin,1,1,0,True
37,2,2,healthy_cattle|healthy_skin,1,1,0,True
38,2,2,healthy_cattle|healthy_skin,1,1,0,True
40,2,2,healthy_cattle|healthy_skin,1,1,0,True
41,2,2,healthy_cattle|healthy_skin,1,1,0,True
42,2,2,healthy_cattle|healthy_skin,1,1,0,True
43,2,2,healthy_cattle|healthy_skin,1,1,0,True
44,2,2,healthy_cattle|healthy_skin,1,1,0,True
45,2,2,healthy_cattle|healthy_skin,1,1,0,True
46,2,2,healthy_cattle|healthy_skin,1,1,0,True
48,2,2,healthy_cattle|healthy_skin,1,1,0,True
49,2,2,healthy_cattle|healthy_skin,1,1,0,True
50,2,2,healthy_cattle|healthy_skin,1,1,0,True
51,2,2,healthy_cattle|healthy_skin,1,1,0,True
52,2,2,healthy_cattle|healthy_skin,1,1,0,True
53,2,2,healthy_cattle|healthy_skin,1,1,0,True
54,2,2,healthy_cattle|healthy_skin,1,1,0,True
55,2,2,healthy_cattle|healthy_skin,1,1,0,True
56,2,2,healthy_cattle|healthy_skin,1,1,0,True
57,2,2,healthy_cattle|healthy_skin,1,1,0,True
58,2,2,healthy_cattle|healthy_skin,1,1,0,True
59,2,2,healthy_cattle|healthy_skin,1,1,0,True
60,2,2,healthy_cattle|healthy_skin,1,1,0,True
61,2,2,healthy_cattle|healthy_skin,1,1,0,True
63,2,2,healthy_cattle|healthy_skin,1,1,0,True
64,2,2,healthy_cattle|healthy_skin,1,1,0,True
65,2,2,healthy_cattle|healthy_skin,1,1,0,True
66,2,2,healthy_cattle|healthy_skin,1,1,0,True
68,2,2,healthy_cattle|healthy_skin,1,1,0,True
69,2,2,healthy_cattle|healthy_skin,1,1,0,True
70,2,2,healthy_cattle|healthy_skin,1,0,1,True
71,2,2,healthy_cattle|healthy_skin,1,1,0,True
72,2,2,healthy_cattle|healthy_skin,1,1,0,True
74,2,2,healthy_cattle|healthy_skin,1,1,0,True
76,2,2,healthy_cattle|healthy_skin,1,1,0,True
77,2,2,healthy_cattle|healthy_skin,1,1,0,True
78,2,2,healthy_cattle|healthy_skin,1,1,0,True
79,2,2,healthy_cattle|healthy_skin,1,1,0,True
80,2,2,healthy_cattle|healthy_skin,1,1,0,True
81,2,2,healthy_cattle|healthy_skin,1,1,0,True
83,2,2,healthy_cattle|healthy_skin,1,1,0,True
131,2,2,healthy_cattle|healthy_skin,1,1,0,True
132,2,2,healthy_cattle|healthy_skin,1,1,0,True
136,2,2,healthy_cattle|healthy_skin,1,1,0,True
138,2,2,allergic_dermatitis|ringworm,1,0,1,True
157,2,2,allergic_dermatitis|ringworm,1,1,0,True
158,2,2,allergic_dermatitis|fungal_infection,1,1,0,True
160,2,2,allergic_dermatitis|ringworm,1,1,0,True
210,2,2,allergic_dermatitis|ringworm,1,0,1,True
211,2,2,allergic_dermatitis|ringworm,1,1,0,True
213,2,2,allergic_dermatitis|ringworm,1,1,0,True
220,2,2,allergic_dermatitis|ringworm,1,0,1,True
221,2,2,allergic_dermatitis|ringworm,1,1,0,True
262,2,2,foot_and_mouth_disease|healthy_skin,1,0,1,True
263,2,2,foot_and_mouth_disease|lumpy_skin_disease,1,1,0,True
266,2,2,fungal_infection|ringworm,1,1,0,True
268,2,2,fungal_infection|ringworm,1,1,0,True
283,2,2,fungal_infection|ringworm,1,1,0,True
284,2,2,fungal_infection|ringworm,1,1,0,True
285,2,2,fungal_infection|mange,1,1,0,True
435,2,2,healthy_skin|lumpy_skin_disease,1,1,0,True
473,2,2,hotspot|ringworm,1,1,0,True
474,2,2,hotspot|ringworm,1,1,0,True
477,2,2,hotspot|ringworm,1,1,0,True
478,2,2,hotspot|ringworm,1,1,0,True
479,2,2,hotspot|ringworm,1,1,0,True
482,2,2,hotspot|ringworm,1,1,0,True
484,2,2,hotspot|pyoderma,1,1,0,True
485,2,2,hotspot|pyoderma,1,0,1,True
486,2,2,hotspot|pyoderma,1,0,1,True
487,2,2,hotspot|pyoderma,1,0,1,True
489,2,2,hotspot|ringworm,1,1,0,True
490,2,2,hotspot|pyoderma,1,1,0,True
491,2,2,hotspot|pyoderma,1,1,0,True
521,2,2,hotspot|pyoderma,1,1,0,True
522,2,2,hotspot|pyoderma,1,1,0,True
523,2,2,hotspot|pyoderma,1,1,0,True
547,2,2,hotspot|pyoderma,1,0,1,True
548,2,2,hotspot|pyoderma,1,1,0,True
550,2,2,hotspot|pyoderma,1,1,0,True
551,2,2,hotspot|pyoderma,1,1,0,True
552,2,2,hotspot|pyoderma,1,1,0,True
556,2,2,hotspot|ringworm,1,1,0,True
557,2,2,hotspot|ringworm,1,1,0,True
558,2,2,hotspot|ringworm,1,1,0,True
560,2,2,hotspot|ringworm,1,1,0,True
570,2,2,hotspot|pyoderma,1,0,1,True
574,2,2,hotspot|ringworm,1,1,0,True
575,2,2,hotspot|ringworm,1,1,0,True
576,2,2,hotspot|ringworm,1,1,0,True
577,2,2,hotspot|ringworm,1,1,0,True
578,2,2,hotspot|ringworm,1,1,0,True
579,2,2,hotspot|pyoderma,1,0,1,True
580,2,2,hotspot|ringworm,1,1,0,True
581,2,2,hotspot|ringworm,1,1,0,True
597,2,2,hotspot|pyoderma,1,1,0,True
643,2,2,hotspot|ringworm,1,1,0,True
645,2,2,hotspot|ringworm,1,1,0,True
647,2,2,hotspot|ringworm,1,1,0,True
648,2,2,hotspot|ringworm,1,1,0,True
649,2,2,hotspot|pyoderma,1,0,1,True
650,2,2,hotspot|pyoderma,1,0,1,True
651,2,2,hotspot|pyoderma,1,0,1,True
652,2,2,hotspot|pyoderma,1,0,1,True
655,2,2,hotspot|pyoderma,1,0,1,True
656,2,2,hotspot|pyoderma,1,1,0,True
658,2,2,hotspot|pyoderma,1,1,0,True
659,2,2,hotspot|pyoderma,1,1,0,True
660,2,2,hotspot|pyoderma,1,1,0,True
662,2,2,hotspot|pyoderma,1,1,0,True
663,2,2,hotspot|pyoderma,1,1,0,True
664,2,2,hotspot|pyoderma,1,1,0,True
665,2,2,hotspot|pyoderma,1,1,0,True
666,2,2,hotspot|pyoderma,1,1,0,True
667,2,2,hotspot|pyoderma,1,1,0,True
668,2,2,hotspot|pyoderma,1,0,1,True
672,2,2,hotspot|pyoderma,1,1,0,True
674,2,2,hotspot|pyoderma,1,1,0,True
1101,2,2,mange|ringworm,1,0,1,True
1127,2,2,mange|ringworm,1,0,1,True
1192,2,2,pyoderma|ringworm,1,1,0,True
1209,2,2,ear_mites|ringworm,1,1,0,True
390,6,1,fungal_infection,11,3,8,False
470,6,1,hotspot,15,10,5,False
480,6,1,hotspot,15,10,5,False
481,6,1,hotspot,15,10,5,False
679,6,1,lumpy_skin_disease,15,15,0,False
530,5,1,hotspot,10,6,4,False
804,5,1,lumpy_skin_disease,6,1,5,False
1154,5,1,pyoderma,10,4,6,False
1206,5,1,ringworm,9,3,6,False
110,4,1,healthy_cattle,4,0,4,False
141,4,1,allergic_dermatitis,6,6,0,False
144,4,1,allergic_dermatitis,6,6,0,False
256,4,1,allergic_dermatitis,6,2,4,False
310,4,1,fungal_infection,6,6,0,False
331,4,1,fungal_infection,6,3,3,False
342,4,1,fungal_infection,3,0,3,False
344,4,1,fungal_infection,3,0,3,False
353,4,1,fungal_infection,3,0,3,False
356,4,1,fungal_infection,6,2,4,False
360,4,1,fungal_infection,4,1,3,False
361,4,1,fungal_infection,6,1,5,False
453,4,1,healthy_skin,6,3,3,False
509,4,1,hotspot,6,1,5,False
525,4,1,hotspot,6,6,0,False
540,4,1,hotspot,6,6,0,False
544,4,1,hotspot,6,6,0,False
680,4,1,lumpy_skin_disease,6,3,3,False
683,4,1,lumpy_skin_disease,6,3,3,False
685,4,1,lumpy_skin_disease,6,3,3,False
691,4,1,lumpy_skin_disease,6,6,0,False
694,4,1,lumpy_skin_disease,6,6,0,False
697,4,1,lumpy_skin_disease,6,3,3,False
701,4,1,lumpy_skin_disease,6,1,5,False
708,4,1,lumpy_skin_disease,6,3,3,False
709,4,1,lumpy_skin_disease,5,1,4,False
802,4,1,lumpy_skin_disease,4,0,4,False
810,4,1,lumpy_skin_disease,6,6,0,False
1152,4,1,pyoderma,6,6,0,False
1193,4,1,ringworm,6,2,4,False
1204,4,1,ringworm,6,6,0,False
1316,4,1,ringworm,6,2,4,False
94,3,1,healthy_cattle,2,0,2,False
98,3,1,healthy_cattle,3,1,2,False
104,3,1,healthy_cattle,3,0,3,False
105,3,1,healthy_cattle,3,1,2,False
106,3,1,healthy_cattle,3,1,2,False
126,3,1,healthy_cattle,3,1,2,False
171,3,1,allergic_dermatitis,3,3,0,False
174,3,1,allergic_dermatitis,3,3,0,False
177,3,1,allergic_dermatitis,3,3,0,False
178,3,1,allergic_dermatitis,3,3,0,False
180,3,1,allergic_dermatitis,3,3,0,False
185,3,1,allergic_dermatitis,3,3,0,False
191,3,1,allergic_dermatitis,3,3,0,False
196,3,1,allergic_dermatitis,3,3,0,False
198,3,1,allergic_dermatitis,3,3,0,False
218,3,1,allergic_dermatitis,3,1,2,False
234,3,1,allergic_dermatitis,3,1,2,False
246,3,1,allergic_dermatitis,3,3,0,False
248,3,1,allergic_dermatitis,3,1,2,False
257,3,1,allergic_dermatitis,3,3,0,False
261,3,1,allergic_dermatitis,2,0,2,False
276,3,1,fungal_infection,3,3,0,False
282,3,1,fungal_infection,3,1,2,False
286,3,1,fungal_infection,3,3,0,False
287,3,1,fungal_infection,3,1,2,False
288,3,1,fungal_infection,3,3,0,False
290,3,1,fungal_infection,3,3,0,False
291,3,1,fungal_infection,3,3,0,False
292,3,1,fungal_infection,3,3,0,False
293,3,1,fungal_infection,3,1,2,False
294,3,1,fungal_infection,3,3,0,False
297,3,1,fungal_infection,3,1,2,False
298,3,1,fungal_infection,3,3,0,False
299,3,1,fungal_infection,3,1,2,False
300,3,1,fungal_infection,3,1,2,False
301,3,1,fungal_infection,3,1,2,False
302,3,1,fungal_infection,3,3,0,False
303,3,1,fungal_infection,3,3,0,False
304,3,1,fungal_infection,3,3,0,False
305,3,1,fungal_infection,3,3,0,False
307,3,1,fungal_infection,3,3,0,False
309,3,1,fungal_infection,3,1,2,False
311,3,1,fungal_infection,3,3,0,False
313,3,1,fungal_infection,3,3,0,False
314,3,1,fungal_infection,3,3,0,False
315,3,1,fungal_infection,3,3,0,False
316,3,1,fungal_infection,3,3,0,False
317,3,1,fungal_infection,3,3,0,False
318,3,1,fungal_infection,3,1,2,False
319,3,1,fungal_infection,3,3,0,False
320,3,1,fungal_infection,3,3,0,False
321,3,1,fungal_infection,3,3,0,False
323,3,1,fungal_infection,3,3,0,False
324,3,1,fungal_infection,3,3,0,False
326,3,1,fungal_infection,3,3,0,False
327,3,1,fungal_infection,3,3,0,False
328,3,1,fungal_infection,3,3,0,False
330,3,1,fungal_infection,3,3,0,False
332,3,1,fungal_infection,3,3,0,False
333,3,1,fungal_infection,3,3,0,False
334,3,1,fungal_infection,3,3,0,False
336,3,1,fungal_infection,3,3,0,False
337,3,1,fungal_infection,3,3,0,False
338,3,1,fungal_infection,3,3,0,False
339,3,1,fungal_infection,3,3,0,False
528,3,1,hotspot,3,3,0,False
565,3,1,hotspot,3,0,3,False
583,3,1,hotspot,3,3,0,False
586,3,1,hotspot,3,3,0,False
588,3,1,hotspot,3,3,0,False
605,3,1,hotspot,3,3,0,False
607,3,1,hotspot,3,3,0,False
621,3,1,hotspot,3,3,0,False
624,3,1,hotspot,3,3,0,False
627,3,1,hotspot,3,3,0,False
628,3,1,hotspot,3,3,0,False
629,3,1,hotspot,3,3,0,False
633,3,1,hotspot,3,3,0,False
635,3,1,hotspot,3,3,0,False
636,3,1,hotspot,3,3,0,False
673,3,1,hotspot,3,3,0,False
681,3,1,lumpy_skin_disease,3,3,0,False
692,3,1,lumpy_skin_disease,3,3,0,False
703,3,1,lumpy_skin_disease,3,3,0,False
718,3,1,lumpy_skin_disease,3,3,0,False
800,3,1,lumpy_skin_disease,3,3,0,False
803,3,1,lumpy_skin_disease,3,3,0,False
816,3,1,lumpy_skin_disease,3,1,2,False
818,3,1,lumpy_skin_disease,3,3,0,False
826,3,1,lumpy_skin_disease,3,3,0,False
829,3,1,lumpy_skin_disease,3,1,2,False
830,3,1,lumpy_skin_disease,3,3,0,False
832,3,1,lumpy_skin_disease,3,3,0,False
838,3,1,lumpy_skin_disease,3,1,2,False
856,3,1,lumpy_skin_disease,3,3,0,False
861,3,1,lumpy_skin_disease,3,1,2,False
864,3,1,lumpy_skin_disease,3,1,2,False
865,3,1,lumpy_skin_disease,3,3,0,False
866,3,1,lumpy_skin_disease,3,3,0,False
868,3,1,lumpy_skin_disease,3,1,2,False
869,3,1,lumpy_skin_disease,3,3,0,False
870,3,1,lumpy_skin_disease,3,1,2,False
873,3,1,lumpy_skin_disease,3,3,0,False
922,3,1,lumpy_skin_disease,3,1,2,False
923,3,1,lumpy_skin_disease,3,1,2,False
926,3,1,lumpy_skin_disease,3,1,2,False
938,3,1,lumpy_skin_disease,3,3,0,False
951,3,1,lumpy_skin_disease,3,3,0,False
952,3,1,lumpy_skin_disease,3,3,0,False
954,3,1,lumpy_skin_disease,3,3,0,False
960,3,1,lumpy_skin_disease,3,3,0,False
961,3,1,lumpy_skin_disease,3,1,2,False
962,3,1,lumpy_skin_disease,3,1,2,False
993,3,1,lumpy_skin_disease,3,3,0,False
1005,3,1,lumpy_skin_disease,3,1,2,False
1006,3,1,lumpy_skin_disease,3,3,0,False
1025,3,1,lumpy_skin_disease,3,1,2,False
1032,3,1,mange,3,1,2,False
1041,3,1,mange,3,3,0,False
1104,3,1,mange,3,1,2,False
1167,3,1,pyoderma,2,0,2,False
1177,3,1,pyoderma,3,1,2,False
1207,3,1,ringworm,3,3,0,False
1210,3,1,ringworm,3,1,2,False
1216,3,1,ringworm,3,1,2,False
1218,3,1,ringworm,3,1,2,False
1235,3,1,ringworm,3,3,0,False
1243,3,1,ringworm,3,1,2,False
1247,3,1,ringworm,3,3,0,False
1256,3,1,ringworm,3,1,2,False
1257,3,1,ringworm,3,1,2,False
1262,3,1,ringworm,2,0,2,False
1298,3,1,ringworm,3,0,3,False
1301,3,1,ringworm,3,1,2,False
1319,3,1,ringworm,3,1,2,False
1321,3,1,ringworm,3,1,2,False
1334,3,1,ringworm,3,1,2,False
1336,3,1,ringworm,3,1,2,False
1342,3,1,ringworm,3,1,2,False
1359,3,1,scabies,3,3,0,False
1362,3,1,scabies,3,3,0,False
1364,3,1,scabies,3,1,2,False
1368,3,1,scabies,3,1,2,False
1374,3,1,ear_mites,3,3,0,False
1388,3,1,tick_infestation,3,3,0,False
2,2,1,healthy_cattle,1,0,1,False
3,2,1,healthy_cattle,1,0,1,False
8,2,1,healthy_cattle,1,1,0,False
11,2,1,healthy_cattle,1,1,0,False
13,2,1,healthy_cattle,1,1,0,False
17,2,1,healthy_cattle,1,1,0,False
18,2,1,healthy_cattle,1,0,1,False
25,2,1,healthy_cattle,1,0,1,False
87,2,1,healthy_cattle,1,1,0,False
88,2,1,healthy_cattle,1,0,1,False
89,2,1,healthy_cattle,1,0,1,False
90,2,1,healthy_cattle,1,0,1,False
91,2,1,healthy_cattle,1,0,1,False
92,2,1,healthy_cattle,1,0,1,False
93,2,1,healthy_cattle,1,1,0,False
95,2,1,healthy_cattle,1,0,1,False
96,2,1,healthy_cattle,1,0,1,False
97,2,1,healthy_cattle,1,0,1,False
99,2,1,healthy_cattle,1,1,0,False
100,2,1,healthy_cattle,1,0,1,False
101,2,1,healthy_cattle,1,0,1,False
102,2,1,healthy_cattle,1,0,1,False
103,2,1,healthy_cattle,1,0,1,False
107,2,1,healthy_cattle,1,0,1,False
108,2,1,healthy_cattle,1,1,0,False
109,2,1,healthy_cattle,1,0,1,False
111,2,1,healthy_cattle,1,0,1,False
112,2,1,healthy_cattle,1,0,1,False
113,2,1,healthy_cattle,1,0,1,False
114,2,1,healthy_cattle,1,0,1,False
115,2,1,healthy_cattle,1,0,1,False
116,2,1,healthy_cattle,1,1,0,False
117,2,1,healthy_cattle,1,0,1,False
118,2,1,healthy_cattle,1,0,1,False
119,2,1,healthy_cattle,1,0,1,False
120,2,1,healthy_cattle,1,1,0,False
121,2,1,healthy_cattle,1,0,1,False
122,2,1,healthy_cattle,1,0,1,False
123,2,1,healthy_cattle,1,1,0,False
124,2,1,healthy_cattle,1,0,1,False
125,2,1,healthy_cattle,1,0,1,False
127,2,1,healthy_cattle,1,0,1,False
128,2,1,healthy_cattle,1,0,1,False
129,2,1,healthy_cattle,1,0,1,False
135,2,1,healthy_cattle,1,1,0,False
137,2,1,allergic_dermatitis,1,1,0,False
139,2,1,allergic_dermatitis,1,1,0,False
140,2,1,allergic_dermatitis,1,1,0,False
142,2,1,allergic_dermatitis,1,1,0,False
143,2,1,allergic_dermatitis,1,1,0,False
145,2,1,allergic_dermatitis,1,1,0,False
146,2,1,allergic_dermatitis,1,1,0,False
147,2,1,allergic_dermatitis,1,1,0,False
148,2,1,allergic_dermatitis,1,1,0,False
149,2,1,allergic_dermatitis,1,1,0,False
150,2,1,allergic_dermatitis,1,1,0,False
151,2,1,allergic_dermatitis,1,1,0,False
152,2,1,allergic_dermatitis,1,1,0,False
153,2,1,allergic_dermatitis,1,1,0,False
154,2,1,allergic_dermatitis,1,1,0,False
155,2,1,allergic_dermatitis,1,1,0,False
156,2,1,allergic_dermatitis,1,1,0,False
159,2,1,allergic_dermatitis,1,1,0,False
161,2,1,allergic_dermatitis,1,1,0,False
164,2,1,allergic_dermatitis,1,1,0,False
165,2,1,allergic_dermatitis,1,1,0,False
166,2,1,allergic_dermatitis,1,1,0,False
167,2,1,allergic_dermatitis,1,1,0,False
168,2,1,allergic_dermatitis,1,0,1,False
169,2,1,allergic_dermatitis,1,0,1,False
170,2,1,allergic_dermatitis,1,0,1,False
172,2,1,allergic_dermatitis,1,1,0,False
173,2,1,allergic_dermatitis,1,1,0,False
175,2,1,allergic_dermatitis,1,1,0,False
176,2,1,allergic_dermatitis,1,1,0,False
179,2,1,allergic_dermatitis,1,1,0,False
181,2,1,allergic_dermatitis,1,1,0,False
182,2,1,allergic_dermatitis,1,1,0,False
183,2,1,allergic_dermatitis,1,0,1,False
184,2,1,allergic_dermatitis,1,1,0,False
186,2,1,allergic_dermatitis,1,1,0,False
187,2,1,allergic_dermatitis,1,1,0,False
188,2,1,allergic_dermatitis,1,1,0,False
189,2,1,allergic_dermatitis,1,0,1,False
190,2,1,allergic_dermatitis,1,1,0,False
192,2,1,allergic_dermatitis,1,1,0,False
193,2,1,allergic_dermatitis,1,1,0,False
194,2,1,allergic_dermatitis,1,1,0,False
195,2,1,allergic_dermatitis,1,1,0,False
197,2,1,allergic_dermatitis,1,1,0,False
199,2,1,allergic_dermatitis,1,1,0,False
200,2,1,allergic_dermatitis,1,0,1,False
201,2,1,allergic_dermatitis,1,1,0,False
202,2,1,allergic_dermatitis,1,1,0,False
203,2,1,allergic_dermatitis,1,0,1,False
204,2,1,allergic_dermatitis,1,0,1,False
205,2,1,allergic_dermatitis,1,0,1,False
206,2,1,allergic_dermatitis,1,0,1,False
207,2,1,allergic_dermatitis,1,1,0,False
208,2,1,allergic_dermatitis,1,1,0,False
209,2,1,allergic_dermatitis,1,1,0,False
212,2,1,allergic_dermatitis,1,1,0,False
214,2,1,allergic_dermatitis,1,1,0,False
215,2,1,allergic_dermatitis,1,1,0,False
216,2,1,allergic_dermatitis,1,1,0,False
217,2,1,allergic_dermatitis,1,1,0,False
219,2,1,allergic_dermatitis,1,1,0,False
224,2,1,allergic_dermatitis,1,1,0,False
225,2,1,allergic_dermatitis,1,1,0,False
226,2,1,allergic_dermatitis,1,1,0,False
227,2,1,allergic_dermatitis,1,1,0,False
228,2,1,allergic_dermatitis,1,1,0,False
229,2,1,allergic_dermatitis,1,1,0,False
230,2,1,allergic_dermatitis,1,1,0,False
231,2,1,allergic_dermatitis,1,1,0,False
232,2,1,allergic_dermatitis,1,1,0,False
233,2,1,allergic_dermatitis,1,0,1,False
235,2,1,allergic_dermatitis,1,1,0,False
236,2,1,allergic_dermatitis,1,1,0,False
237,2,1,allergic_dermatitis,1,1,0,False
238,2,1,allergic_dermatitis,1,1,0,False
239,2,1,allergic_dermatitis,1,1,0,False
240,2,1,allergic_dermatitis,1,1,0,False
241,2,1,allergic_dermatitis,1,1,0,False
242,2,1,allergic_dermatitis,1,1,0,False
243,2,1,allergic_dermatitis,1,1,0,False
244,2,1,allergic_dermatitis,1,1,0,False
245,2,1,allergic_dermatitis,1,1,0,False
247,2,1,allergic_dermatitis,1,1,0,False
249,2,1,allergic_dermatitis,1,1,0,False
250,2,1,allergic_dermatitis,1,0,1,False
251,2,1,allergic_dermatitis,1,1,0,False
252,2,1,allergic_dermatitis,1,1,0,False
253,2,1,allergic_dermatitis,1,1,0,False
254,2,1,allergic_dermatitis,1,1,0,False
255,2,1,allergic_dermatitis,1,0,1,False
258,2,1,allergic_dermatitis,1,1,0,False
259,2,1,allergic_dermatitis,1,0,1,False
260,2,1,allergic_dermatitis,1,0,1,False
264,2,1,fungal_infection,1,1,0,False
265,2,1,fungal_infection,1,1,0,False
267,2,1,fungal_infection,1,1,0,False
269,2,1,fungal_infection,1,1,0,False
270,2,1,fungal_infection,1,1,0,False
271,2,1,fungal_infection,1,1,0,False
272,2,1,fungal_infection,1,1,0,False
273,2,1,fungal_infection,1,1,0,False
274,2,1,fungal_infection,1,1,0,False
275,2,1,fungal_infection,1,1,0,False
277,2,1,fungal_infection,1,1,0,False
278,2,1,fungal_infection,1,1,0,False
279,2,1,fungal_infection,1,1,0,False
280,2,1,fungal_infection,1,0,1,False
281,2,1,fungal_infection,1,0,1,False
289,2,1,fungal_infection,1,1,0,False
295,2,1,fungal_infection,1,1,0,False
296,2,1,fungal_infection,1,1,0,False
308,2,1,fungal_infection,1,1,0,False
312,2,1,fungal_infection,1,0,1,False
322,2,1,fungal_infection,1,1,0,False
325,2,1,fungal_infection,1,1,0,False
329,2,1,fungal_infection,1,0,1,False
340,2,1,fungal_infection,1,1,0,False
341,2,1,fungal_infection,1,1,0,False
343,2,1,fungal_infection,1,0,1,False
345,2,1,fungal_infection,1,0,1,False
346,2,1,fungal_infection,1,0,1,False
347,2,1,fungal_infection,1,0,1,False
348,2,1,fungal_infection,1,0,1,False
349,2,1,fungal_infection,1,1,0,False
350,2,1,fungal_infection,1,1,0,False
351,2,1,fungal_infection,1,0,1,False
352,2,1,fungal_infection,1,0,1,False
354,2,1,fungal_infection,1,0,1,False
355,2,1,fungal_infection,1,0,1,False
357,2,1,fungal_infection,1,0,1,False
358,2,1,fungal_infection,1,1,0,False
359,2,1,fungal_infection,1,0,1,False
362,2,1,fungal_infection,1,0,1,False
363,2,1,fungal_infection,1,0,1,False
364,2,1,fungal_infection,1,1,0,False
365,2,1,fungal_infection,1,1,0,False
366,2,1,fungal_infection,1,0,1,False
367,2,1,fungal_infection,1,0,1,False
368,2,1,fungal_infection,1,0,1,False
369,2,1,fungal_infection,1,0,1,False
370,2,1,fungal_infection,1,1,0,False
371,2,1,fungal_infection,1,1,0,False
372,2,1,fungal_infection,1,0,1,False
373,2,1,fungal_infection,1,0,1,False
374,2,1,fungal_infection,1,1,0,False
375,2,1,fungal_infection,1,0,1,False
376,2,1,fungal_infection,1,1,0,False
377,2,1,fungal_infection,1,0,1,False
380,2,1,fungal_infection,1,1,0,False
381,2,1,fungal_infection,1,1,0,False
382,2,1,fungal_infection,1,1,0,False
383,2,1,fungal_infection,1,1,0,False
384,2,1,fungal_infection,1,1,0,False
385,2,1,fungal_infection,1,1,0,False
386,2,1,fungal_infection,1,1,0,False
387,2,1,fungal_infection,1,1,0,False
388,2,1,fungal_infection,1,1,0,False
389,2,1,fungal_infection,1,1,0,False
391,2,1,fungal_infection,1,1,0,False
392,2,1,fungal_infection,1,0,1,False
393,2,1,fungal_infection,1,1,0,False
394,2,1,fungal_infection,1,1,0,False
395,2,1,fungal_infection,1,1,0,False
396,2,1,fungal_infection,1,1,0,False
397,2,1,fungal_infection,1,1,0,False
398,2,1,fungal_infection,1,1,0,False
399,2,1,fungal_infection,1,1,0,False
400,2,1,fungal_infection,1,1,0,False
401,2,1,fungal_infection,1,1,0,False
402,2,1,fungal_infection,1,1,0,False
403,2,1,fungal_infection,1,1,0,False
404,2,1,fungal_infection,1,1,0,False
405,2,1,fungal_infection,1,1,0,False
406,2,1,fungal_infection,1,1,0,False
407,2,1,fungal_infection,1,0,1,False
408,2,1,healthy_skin,1,0,1,False
409,2,1,healthy_skin,1,1,0,False
410,2,1,healthy_skin,1,1,0,False
412,2,1,healthy_skin,1,1,0,False
413,2,1,healthy_skin,1,1,0,False
414,2,1,healthy_skin,1,1,0,False
415,2,1,healthy_skin,1,1,0,False
416,2,1,healthy_skin,1,1,0,False
417,2,1,healthy_skin,1,1,0,False
418,2,1,healthy_skin,1,0,1,False
419,2,1,healthy_skin,1,1,0,False
420,2,1,healthy_skin,1,1,0,False
421,2,1,healthy_skin,1,0,1,False
423,2,1,healthy_skin,1,0,1,False
424,2,1,healthy_skin,1,1,0,False
425,2,1,healthy_skin,1,1,0,False
426,2,1,healthy_skin,1,1,0,False
427,2,1,healthy_skin,1,0,1,False
428,2,1,healthy_skin,1,0,1,False
429,2,1,healthy_skin,1,1,0,False
430,2,1,healthy_skin,1,1,0,False
432,2,1,healthy_skin,1,0,1,False
433,2,1,healthy_skin,1,1,0,False
434,2,1,healthy_skin,1,1,0,False
436,2,1,healthy_skin,1,1,0,False
437,2,1,healthy_skin,1,1,0,False
439,2,1,healthy_skin,1,1,0,False
440,2,1,healthy_skin,1,1,0,False
442,2,1,healthy_skin,1,1,0,False
444,2,1,healthy_skin,1,1,0,False
445,2,1,healthy_skin,1,0,1,False
446,2,1,healthy_skin,1,1,0,False
447,2,1,healthy_skin,1,0,1,False
448,2,1,healthy_skin,1,1,0,False
449,2,1,healthy_skin,1,1,0,False
450,2,1,healthy_skin,1,1,0,False
451,2,1,healthy_skin,1,0,1,False
452,2,1,healthy_skin,1,1,0,False
455,2,1,hotspot,1,1,0,False
458,2,1,hotspot,1,1,0,False
461,2,1,hotspot,1,1,0,False
462,2,1,hotspot,1,1,0,False
464,2,1,hotspot,1,1,0,False
465,2,1,hotspot,1,1,0,False
467,2,1,hotspot,1,1,0,False
469,2,1,hotspot,1,1,0,False
471,2,1,hotspot,1,1,0,False
472,2,1,hotspot,1,0,1,False
475,2,1,hotspot,1,0,1,False
483,2,1,hotspot,1,0,1,False
555,2,1,hotspot,1,0,1,False
559,2,1,hotspot,1,0,1,False
561,2,1,hotspot,1,0,1,False
562,2,1,hotspot,1,0,1,False
563,2,1,hotspot,1,0,1,False
564,2,1,hotspot,1,0,1,False
566,2,1,hotspot,1,0,1,False
590,2,1,hotspot,1,1,0,False
594,2,1,hotspot,1,1,0,False
596,2,1,hotspot,1,1,0,False
598,2,1,hotspot,1,1,0,False
599,2,1,hotspot,1,1,0,False
604,2,1,hotspot,1,1,0,False
609,2,1,hotspot,1,1,0,False
610,2,1,hotspot,1,1,0,False
622,2,1,hotspot,1,1,0,False
634,2,1,hotspot,1,1,0,False
639,2,1,hotspot,1,1,0,False
641,2,1,hotspot,1,1,0,False
644,2,1,hotspot,1,0,1,False
646,2,1,hotspot,1,0,1,False
676,2,1,hotspot,1,0,1,False
677,2,1,lumpy_skin_disease,1,1,0,False
678,2,1,lumpy_skin_disease,1,1,0,False
682,2,1,lumpy_skin_disease,1,1,0,False
684,2,1,lumpy_skin_disease,1,1,0,False
686,2,1,lumpy_skin_disease,1,1,0,False
687,2,1,lumpy_skin_disease,1,1,0,False
688,2,1,lumpy_skin_disease,1,1,0,False
689,2,1,lumpy_skin_disease,1,1,0,False
690,2,1,lumpy_skin_disease,1,1,0,False
693,2,1,lumpy_skin_disease,1,1,0,False
695,2,1,lumpy_skin_disease,1,1,0,False
696,2,1,lumpy_skin_disease,1,1,0,False
698,2,1,lumpy_skin_disease,1,1,0,False
699,2,1,lumpy_skin_disease,1,1,0,False
700,2,1,lumpy_skin_disease,1,1,0,False
702,2,1,lumpy_skin_disease,1,1,0,False
704,2,1,lumpy_skin_disease,1,1,0,False
705,2,1,lumpy_skin_disease,1,1,0,False
706,2,1,lumpy_skin_disease,1,1,0,False
707,2,1,lumpy_skin_disease,1,1,0,False
710,2,1,lumpy_skin_disease,1,1,0,False
711,2,1,lumpy_skin_disease,1,1,0,False
712,2,1,lumpy_skin_disease,1,1,0,False
713,2,1,lumpy_skin_disease,1,1,0,False
714,2,1,lumpy_skin_disease,1,1,0,False
715,2,1,lumpy_skin_disease,1,1,0,False
716,2,1,lumpy_skin_disease,1,1,0,False
717,2,1,lumpy_skin_disease,1,1,0,False
719,2,1,lumpy_skin_disease,1,1,0,False
720,2,1,lumpy_skin_disease,1,1,0,False
721,2,1,lumpy_skin_disease,1,1,0,False
722,2,1,lumpy_skin_disease,1,1,0,False
723,2,1,lumpy_skin_disease,1,1,0,False
724,2,1,lumpy_skin_disease,1,1,0,False
725,2,1,lumpy_skin_disease,1,1,0,False
726,2,1,lumpy_skin_disease,1,1,0,False
727,2,1,lumpy_skin_disease,1,1,0,False
728,2,1,lumpy_skin_disease,1,1,0,False
729,2,1,lumpy_skin_disease,1,1,0,False
730,2,1,lumpy_skin_disease,1,1,0,False
731,2,1,lumpy_skin_disease,1,1,0,False
732,2,1,lumpy_skin_disease,1,1,0,False
733,2,1,lumpy_skin_disease,1,1,0,False
734,2,1,lumpy_skin_disease,1,1,0,False
735,2,1,lumpy_skin_disease,1,1,0,False
736,2,1,lumpy_skin_disease,1,1,0,False
737,2,1,lumpy_skin_disease,1,1,0,False
738,2,1,lumpy_skin_disease,1,1,0,False
739,2,1,lumpy_skin_disease,1,1,0,False
740,2,1,lumpy_skin_disease,1,1,0,False
741,2,1,lumpy_skin_disease,1,1,0,False
742,2,1,lumpy_skin_disease,1,1,0,False
743,2,1,lumpy_skin_disease,1,1,0,False
744,2,1,lumpy_skin_disease,1,1,0,False
745,2,1,lumpy_skin_disease,1,1,0,False
746,2,1,lumpy_skin_disease,1,1,0,False
747,2,1,lumpy_skin_disease,1,1,0,False
748,2,1,lumpy_skin_disease,1,1,0,False
749,2,1,lumpy_skin_disease,1,1,0,False
750,2,1,lumpy_skin_disease,1,1,0,False
751,2,1,lumpy_skin_disease,1,1,0,False
752,2,1,lumpy_skin_disease,1,1,0,False
753,2,1,lumpy_skin_disease,1,1,0,False
754,2,1,lumpy_skin_disease,1,1,0,False
755,2,1,lumpy_skin_disease,1,1,0,False
756,2,1,lumpy_skin_disease,1,1,0,False
757,2,1,lumpy_skin_disease,1,1,0,False
758,2,1,lumpy_skin_disease,1,1,0,False
759,2,1,lumpy_skin_disease,1,1,0,False
760,2,1,lumpy_skin_disease,1,1,0,False
761,2,1,lumpy_skin_disease,1,1,0,False
762,2,1,lumpy_skin_disease,1,1,0,False
763,2,1,lumpy_skin_disease,1,1,0,False
764,2,1,lumpy_skin_disease,1,1,0,False
765,2,1,lumpy_skin_disease,1,1,0,False
766,2,1,lumpy_skin_disease,1,1,0,False
767,2,1,lumpy_skin_disease,1,1,0,False
768,2,1,lumpy_skin_disease,1,1,0,False
769,2,1,lumpy_skin_disease,1,1,0,False
770,2,1,lumpy_skin_disease,1,1,0,False
771,2,1,lumpy_skin_disease,1,1,0,False
772,2,1,lumpy_skin_disease,1,1,0,False
773,2,1,lumpy_skin_disease,1,1,0,False
774,2,1,lumpy_skin_disease,1,1,0,False
775,2,1,lumpy_skin_disease,1,1,0,False
776,2,1,lumpy_skin_disease,1,1,0,False
777,2,1,lumpy_skin_disease,1,1,0,False
778,2,1,lumpy_skin_disease,1,1,0,False
779,2,1,lumpy_skin_disease,1,1,0,False
780,2,1,lumpy_skin_disease,1,1,0,False
781,2,1,lumpy_skin_disease,1,1,0,False
782,2,1,lumpy_skin_disease,1,1,0,False
783,2,1,lumpy_skin_disease,1,1,0,False
784,2,1,lumpy_skin_disease,1,1,0,False
785,2,1,lumpy_skin_disease,1,1,0,False
786,2,1,lumpy_skin_disease,1,1,0,False
787,2,1,lumpy_skin_disease,1,1,0,False
788,2,1,lumpy_skin_disease,1,1,0,False
789,2,1,lumpy_skin_disease,1,1,0,False
790,2,1,lumpy_skin_disease,1,1,0,False
791,2,1,lumpy_skin_disease,1,1,0,False
792,2,1,lumpy_skin_disease,1,1,0,False
793,2,1,lumpy_skin_disease,1,1,0,False
794,2,1,lumpy_skin_disease,1,1,0,False
795,2,1,lumpy_skin_disease,1,1,0,False
796,2,1,lumpy_skin_disease,1,1,0,False
797,2,1,lumpy_skin_disease,1,1,0,False
798,2,1,lumpy_skin_disease,1,1,0,False
799,2,1,lumpy_skin_disease,1,1,0,False
801,2,1,lumpy_skin_disease,1,0,1,False
805,2,1,lumpy_skin_disease,1,1,0,False
806,2,1,lumpy_skin_disease,1,1,0,False
807,2,1,lumpy_skin_disease,1,0,1,False
808,2,1,lumpy_skin_disease,1,1,0,False
809,2,1,lumpy_skin_disease,1,1,0,False
811,2,1,lumpy_skin_disease,1,1,0,False
812,2,1,lumpy_skin_disease,1,1,0,False
813,2,1,lumpy_skin_disease,1,1,0,False
814,2,1,lumpy_skin_disease,1,1,0,False
815,2,1,lumpy_skin_disease,1,1,0,False
817,2,1,lumpy_skin_disease,1,1,0,False
819,2,1,lumpy_skin_disease,1,1,0,False
820,2,1,lumpy_skin_disease,1,1,0,False
821,2,1,lumpy_skin_disease,1,1,0,False
822,2,1,lumpy_skin_disease,1,1,0,False
823,2,1,lumpy_skin_disease,1,1,0,False
824,2,1,lumpy_skin_disease,1,0,1,False
825,2,1,lumpy_skin_disease,1,1,0,False
827,2,1,lumpy_skin_disease,1,1,0,False
828,2,1,lumpy_skin_disease,1,1,0,False
831,2,1,lumpy_skin_disease,1,1,0,False
833,2,1,lumpy_skin_disease,1,1,0,False
834,2,1,lumpy_skin_disease,1,1,0,False
835,2,1,lumpy_skin_disease,1,1,0,False
836,2,1,lumpy_skin_disease,1,1,0,False
837,2,1,lumpy_skin_disease,1,1,0,False
839,2,1,lumpy_skin_disease,1,1,0,False
840,2,1,lumpy_skin_disease,1,1,0,False
841,2,1,lumpy_skin_disease,1,1,0,False
842,2,1,lumpy_skin_disease,1,0,1,False
843,2,1,lumpy_skin_disease,1,1,0,False
844,2,1,lumpy_skin_disease,1,1,0,False
845,2,1,lumpy_skin_disease,1,1,0,False
846,2,1,lumpy_skin_disease,1,1,0,False
847,2,1,lumpy_skin_disease,1,1,0,False
848,2,1,lumpy_skin_disease,1,1,0,False
849,2,1,lumpy_skin_disease,1,0,1,False
850,2,1,lumpy_skin_disease,1,1,0,False
851,2,1,lumpy_skin_disease,1,1,0,False
852,2,1,lumpy_skin_disease,1,1,0,False
853,2,1,lumpy_skin_disease,1,1,0,False
854,2,1,lumpy_skin_disease,1,1,0,False
855,2,1,lumpy_skin_disease,1,1,0,False
857,2,1,lumpy_skin_disease,1,1,0,False
858,2,1,lumpy_skin_disease,1,1,0,False
859,2,1,lumpy_skin_disease,1,1,0,False
860,2,1,lumpy_skin_disease,1,0,1,False
862,2,1,lumpy_skin_disease,1,1,0,False
863,2,1,lumpy_skin_disease,1,1,0,False
867,2,1,lumpy_skin_disease,1,1,0,False
871,2,1,lumpy_skin_disease,1,1,0,False
872,2,1,lumpy_skin_disease,1,0,1,False
874,2,1,lumpy_skin_disease,1,1,0,False
875,2,1,lumpy_skin_disease,1,1,0,False
876,2,1,lumpy_skin_disease,1,1,0,False
877,2,1,lumpy_skin_disease,1,1,0,False
878,2,1,lumpy_skin_disease,1,1,0,False
879,2,1,lumpy_skin_disease,1,1,0,False
880,2,1,lumpy_skin_disease,1,1,0,False
881,2,1,lumpy_skin_disease,1,1,0,False
882,2,1,lumpy_skin_disease,1,1,0,False
883,2,1,lumpy_skin_disease,1,1,0,False
884,2,1,lumpy_skin_disease,1,1,0,False
885,2,1,lumpy_skin_disease,1,1,0,False
886,2,1,lumpy_skin_disease,1,1,0,False
887,2,1,lumpy_skin_disease,1,1,0,False
888,2,1,lumpy_skin_disease,1,1,0,False
889,2,1,lumpy_skin_disease,1,1,0,False
890,2,1,lumpy_skin_disease,1,1,0,False
891,2,1,lumpy_skin_disease,1,1,0,False
892,2,1,lumpy_skin_disease,1,1,0,False
893,2,1,lumpy_skin_disease,1,1,0,False
894,2,1,lumpy_skin_disease,1,1,0,False
895,2,1,lumpy_skin_disease,1,1,0,False
896,2,1,lumpy_skin_disease,1,1,0,False
897,2,1,lumpy_skin_disease,1,0,1,False
898,2,1,lumpy_skin_disease,1,1,0,False
899,2,1,lumpy_skin_disease,1,1,0,False
900,2,1,lumpy_skin_disease,1,1,0,False
901,2,1,lumpy_skin_disease,1,1,0,False
902,2,1,lumpy_skin_disease,1,1,0,False
903,2,1,lumpy_skin_disease,1,1,0,False
904,2,1,lumpy_skin_disease,1,1,0,False
905,2,1,lumpy_skin_disease,1,1,0,False
906,2,1,lumpy_skin_disease,1,1,0,False
907,2,1,lumpy_skin_disease,1,1,0,False
908,2,1,lumpy_skin_disease,1,1,0,False
909,2,1,lumpy_skin_disease,1,1,0,False
910,2,1,lumpy_skin_disease,1,1,0,False
911,2,1,lumpy_skin_disease,1,1,0,False
912,2,1,lumpy_skin_disease,1,1,0,False
913,2,1,lumpy_skin_disease,1,1,0,False
914,2,1,lumpy_skin_disease,1,0,1,False
915,2,1,lumpy_skin_disease,1,1,0,False
916,2,1,lumpy_skin_disease,1,1,0,False
917,2,1,lumpy_skin_disease,1,1,0,False
918,2,1,lumpy_skin_disease,1,1,0,False
919,2,1,lumpy_skin_disease,1,1,0,False
920,2,1,lumpy_skin_disease,1,1,0,False
921,2,1,lumpy_skin_disease,1,1,0,False
924,2,1,lumpy_skin_disease,1,1,0,False
925,2,1,lumpy_skin_disease,1,1,0,False
927,2,1,lumpy_skin_disease,1,0,1,False
928,2,1,lumpy_skin_disease,1,1,0,False
929,2,1,lumpy_skin_disease,1,1,0,False
930,2,1,lumpy_skin_disease,1,1,0,False
931,2,1,lumpy_skin_disease,1,1,0,False
932,2,1,lumpy_skin_disease,1,1,0,False
933,2,1,lumpy_skin_disease,1,0,1,False
934,2,1,lumpy_skin_disease,1,1,0,False
935,2,1,lumpy_skin_disease,1,0,1,False
936,2,1,lumpy_skin_disease,1,1,0,False
937,2,1,lumpy_skin_disease,1,0,1,False
939,2,1,lumpy_skin_disease,1,1,0,False
940,2,1,lumpy_skin_disease,1,0,1,False
941,2,1,lumpy_skin_disease,1,1,0,False
942,2,1,lumpy_skin_disease,1,1,0,False
943,2,1,lumpy_skin_disease,1,1,0,False
944,2,1,lumpy_skin_disease,1,1,0,False
945,2,1,lumpy_skin_disease,1,1,0,False
946,2,1,lumpy_skin_disease,1,1,0,False
947,2,1,lumpy_skin_disease,1,1,0,False
948,2,1,lumpy_skin_disease,1,0,1,False
949,2,1,lumpy_skin_disease,1,1,0,False
950,2,1,lumpy_skin_disease,1,1,0,False
953,2,1,lumpy_skin_disease,1,1,0,False
955,2,1,lumpy_skin_disease,1,1,0,False
956,2,1,lumpy_skin_disease,1,1,0,False
957,2,1,lumpy_skin_disease,1,1,0,False
958,2,1,lumpy_skin_disease,1,0,1,False
959,2,1,lumpy_skin_disease,1,1,0,False
963,2,1,lumpy_skin_disease,1,1,0,False
964,2,1,lumpy_skin_disease,1,1,0,False
965,2,1,lumpy_skin_disease,1,1,0,False
966,2,1,lumpy_skin_disease,1,1,0,False
967,2,1,lumpy_skin_disease,1,1,0,False
968,2,1,lumpy_skin_disease,1,1,0,False
969,2,1,lumpy_skin_disease,1,1,0,False
970,2,1,lumpy_skin_disease,1,1,0,False
971,2,1,lumpy_skin_disease,1,1,0,False
972,2,1,lumpy_skin_disease,1,0,1,False
973,2,1,lumpy_skin_disease,1,0,1,False
974,2,1,lumpy_skin_disease,1,1,0,False
975,2,1,lumpy_skin_disease,1,1,0,False
976,2,1,lumpy_skin_disease,1,1,0,False
977,2,1,lumpy_skin_disease,1,0,1,False
978,2,1,lumpy_skin_disease,1,1,0,False
979,2,1,lumpy_skin_disease,1,1,0,False
980,2,1,lumpy_skin_disease,1,1,0,False
981,2,1,lumpy_skin_disease,1,1,0,False
982,2,1,lumpy_skin_disease,1,1,0,False
983,2,1,lumpy_skin_disease,1,1,0,False
984,2,1,lumpy_skin_disease,1,1,0,False
985,2,1,lumpy_skin_disease,1,1,0,False
986,2,1,lumpy_skin_disease,1,1,0,False
987,2,1,lumpy_skin_disease,1,1,0,False
988,2,1,lumpy_skin_disease,1,1,0,False
989,2,1,lumpy_skin_disease,1,1,0,False
990,2,1,lumpy_skin_disease,1,1,0,False
991,2,1,lumpy_skin_disease,1,1,0,False
992,2,1,lumpy_skin_disease,1,1,0,False
994,2,1,lumpy_skin_disease,1,1,0,False
995,2,1,lumpy_skin_disease,1,1,0,False
996,2,1,lumpy_skin_disease,1,1,0,False
997,2,1,lumpy_skin_disease,1,1,0,False
998,2,1,lumpy_skin_disease,1,1,0,False
999,2,1,lumpy_skin_disease,1,1,0,False
1000,2,1,lumpy_skin_disease,1,1,0,False
1001,2,1,lumpy_skin_disease,1,1,0,False
1002,2,1,lumpy_skin_disease,1,1,0,False
1003,2,1,lumpy_skin_disease,1,1,0,False
1004,2,1,lumpy_skin_disease,1,1,0,False
1007,2,1,lumpy_skin_disease,1,1,0,False
1008,2,1,lumpy_skin_disease,1,0,1,False
1009,2,1,lumpy_skin_disease,1,1,0,False
1010,2,1,lumpy_skin_disease,1,1,0,False
1011,2,1,lumpy_skin_disease,1,1,0,False
1012,2,1,lumpy_skin_disease,1,1,0,False
1013,2,1,lumpy_skin_disease,1,1,0,False
1014,2,1,lumpy_skin_disease,1,0,1,False
1015,2,1,lumpy_skin_disease,1,1,0,False
1016,2,1,lumpy_skin_disease,1,1,0,False
1017,2,1,lumpy_skin_disease,1,1,0,False
1018,2,1,lumpy_skin_disease,1,1,0,False
1019,2,1,lumpy_skin_disease,1,1,0,False
1020,2,1,lumpy_skin_disease,1,1,0,False
1021,2,1,lumpy_skin_disease,1,1,0,False
1022,2,1,lumpy_skin_disease,1,1,0,False
1023,2,1,lumpy_skin_disease,1,1,0,False
1024,2,1,lumpy_skin_disease,1,0,1,False
1026,2,1,lumpy_skin_disease,1,1,0,False
1027,2,1,lumpy_skin_disease,1,1,0,False
1028,2,1,lumpy_skin_disease,1,1,0,False
1029,2,1,mange,1,1,0,False
1030,2,1,mange,1,1,0,False
1031,2,1,mange,1,1,0,False
1033,2,1,mange,1,1,0,False
1034,2,1,mange,1,0,1,False
1035,2,1,mange,1,1,0,False
1037,2,1,mange,1,1,0,False
1038,2,1,mange,1,1,0,False
1039,2,1,mange,1,1,0,False
1040,2,1,mange,1,1,0,False
1042,2,1,mange,1,1,0,False
1043,2,1,mange,1,0,1,False
1044,2,1,mange,1,1,0,False
1045,2,1,mange,1,1,0,False
1046,2,1,mange,1,1,0,False
1047,2,1,mange,1,1,0,False
1048,2,1,mange,1,1,0,False
1049,2,1,mange,1,1,0,False
1050,2,1,mange,1,1,0,False
1051,2,1,mange,1,1,0,False
1052,2,1,mange,1,1,0,False
1053,2,1,mange,1,1,0,False
1054,2,1,mange,1,1,0,False
1055,2,1,mange,1,1,0,False
1056,2,1,mange,1,1,0,False
1057,2,1,mange,1,1,0,False
1058,2,1,mange,1,1,0,False
1059,2,1,mange,1,1,0,False
1060,2,1,mange,1,1,0,False
1061,2,1,mange,1,1,0,False
1062,2,1,mange,1,1,0,False
1063,2,1,mange,1,1,0,False
1064,2,1,mange,1,1,0,False
1065,2,1,mange,1,1,0,False
1066,2,1,mange,1,1,0,False
1067,2,1,mange,1,1,0,False
1068,2,1,mange,1,1,0,False
1069,2,1,mange,1,1,0,False
1070,2,1,mange,1,1,0,False
1071,2,1,mange,1,1,0,False
1072,2,1,mange,1,1,0,False
1073,2,1,mange,1,1,0,False
1074,2,1,mange,1,1,0,False
1075,2,1,mange,1,1,0,False
1076,2,1,mange,1,1,0,False
1077,2,1,mange,1,1,0,False
1078,2,1,mange,1,1,0,False
1079,2,1,mange,1,1,0,False
1080,2,1,mange,1,1,0,False
1081,2,1,mange,1,1,0,False
1082,2,1,mange,1,1,0,False
1083,2,1,mange,1,1,0,False
1084,2,1,mange,1,1,0,False
1085,2,1,mange,1,1,0,False
1086,2,1,mange,1,1,0,False
1087,2,1,mange,1,1,0,False
1088,2,1,mange,1,1,0,False
1089,2,1,mange,1,1,0,False
1090,2,1,mange,1,1,0,False
1091,2,1,mange,1,1,0,False
1092,2,1,mange,1,1,0,False
1093,2,1,mange,1,1,0,False
1094,2,1,mange,1,1,0,False
1095,2,1,mange,1,1,0,False
1096,2,1,mange,1,1,0,False
1097,2,1,mange,1,1,0,False
1098,2,1,mange,1,1,0,False
1099,2,1,mange,1,1,0,False
1100,2,1,mange,1,1,0,False
1102,2,1,mange,1,1,0,False
1103,2,1,mange,1,1,0,False
1105,2,1,mange,1,1,0,False
1106,2,1,mange,1,1,0,False
1107,2,1,mange,1,1,0,False
1108,2,1,mange,1,1,0,False
1109,2,1,mange,1,1,0,False
1110,2,1,mange,1,1,0,False
1111,2,1,mange,1,1,0,False
1112,2,1,mange,1,1,0,False
1113,2,1,mange,1,1,0,False
1114,2,1,mange,1,0,1,False
1115,2,1,mange,1,1,0,False
1116,2,1,mange,1,1,0,False
1117,2,1,mange,1,1,0,False
1118,2,1,mange,1,1,0,False
1119,2,1,mange,1,1,0,False
1120,2,1,mange,1,1,0,False
1121,2,1,mange,1,1,0,False
1122,2,1,mange,1,0,1,False
1123,2,1,mange,1,1,0,False
1124,2,1,mange,1,1,0,False
1125,2,1,mange,1,1,0,False
1126,2,1,mange,1,1,0,False
1128,2,1,mange,1,1,0,False
1129,2,1,mange,1,0,1,False
1130,2,1,mange,1,1,0,False
1131,2,1,mange,1,1,0,False
1132,2,1,mange,1,0,1,False
1133,2,1,mange,1,1,0,False
1134,2,1,mange,1,1,0,False
1135,2,1,mange,1,1,0,False
1136,2,1,mange,1,1,0,False
1137,2,1,mange,1,0,1,False
1138,2,1,mange,1,1,0,False
1139,2,1,mange,1,1,0,False
1140,2,1,mange,1,1,0,False
1141,2,1,mange,1,1,0,False
1142,2,1,mange,1,1,0,False
1143,2,1,mange,1,1,0,False
1144,2,1,mange,1,1,0,False
1145,2,1,mange,1,1,0,False
1146,2,1,pyoderma,1,1,0,False
1147,2,1,pyoderma,1,1,0,False
1148,2,1,pyoderma,1,1,0,False
1149,2,1,pyoderma,1,1,0,False
1150,2,1,pyoderma,1,1,0,False
1151,2,1,pyoderma,1,1,0,False
1155,2,1,pyoderma,1,1,0,False
1156,2,1,pyoderma,1,1,0,False
1157,2,1,pyoderma,1,1,0,False
1158,2,1,pyoderma,1,1,0,False
1159,2,1,pyoderma,1,1,0,False
1160,2,1,pyoderma,1,1,0,False
1161,2,1,pyoderma,1,0,1,False
1162,2,1,pyoderma,1,0,1,False
1163,2,1,pyoderma,1,1,0,False
1164,2,1,pyoderma,1,1,0,False
1165,2,1,pyoderma,1,0,1,False
1166,2,1,pyoderma,1,0,1,False
1168,2,1,pyoderma,1,1,0,False
1169,2,1,pyoderma,1,1,0,False
1170,2,1,pyoderma,1,1,0,False
1171,2,1,pyoderma,1,1,0,False
1172,2,1,pyoderma,1,0,1,False
1173,2,1,pyoderma,1,1,0,False
1174,2,1,pyoderma,1,0,1,False
1175,2,1,pyoderma,1,1,0,False
1176,2,1,pyoderma,1,1,0,False
1178,2,1,pyoderma,1,0,1,False
1179,2,1,pyoderma,1,0,1,False
1180,2,1,pyoderma,1,1,0,False
1181,2,1,pyoderma,1,0,1,False
1182,2,1,pyoderma,1,1,0,False
1183,2,1,pyoderma,1,0,1,False
1184,2,1,pyoderma,1,1,0,False
1185,2,1,pyoderma,1,0,1,False
1186,2,1,pyoderma,1,1,0,False
1187,2,1,pyoderma,1,1,0,False
1188,2,1,pyoderma,1,0,1,False
1189,2,1,pyoderma,1,0,1,False
1190,2,1,pyoderma,1,1,0,False
1191,2,1,pyoderma,1,0,1,False
1194,2,1,ringworm,1,0,1,False
1195,2,1,ringworm,1,1,0,False
1196,2,1,ringworm,1,1,0,False
1197,2,1,ringworm,1,1,0,False
1198,2,1,ringworm,1,1,0,False
1199,2,1,ringworm,1,0,1,False
1200,2,1,ringworm,1,1,0,False
1201,2,1,ringworm,1,1,0,False
1202,2,1,ringworm,1,1,0,False
1203,2,1,ringworm,1,1,0,False
1205,2,1,ringworm,1,1,0,False
1208,2,1,ringworm,1,0,1,False
1211,2,1,ringworm,1,0,1,False
1212,2,1,ringworm,1,0,1,False
1213,2,1,ringworm,1,1,0,False
1214,2,1,ringworm,1,0,1,False
1215,2,1,ringworm,1,1,0,False
1217,2,1,ringworm,1,0,1,False
1219,2,1,ringworm,1,0,1,False
1220,2,1,ringworm,1,0,1,False
1221,2,1,ringworm,1,0,1,False
1222,2,1,ringworm,1,0,1,False
1223,2,1,ringworm,1,1,0,False
1224,2,1,ringworm,1,1,0,False
1225,2,1,ringworm,1,0,1,False
1226,2,1,ringworm,1,0,1,False
1227,2,1,ringworm,1,0,1,False
1228,2,1,ringworm,1,0,1,False
1229,2,1,ringworm,1,1,0,False
1230,2,1,ringworm,1,1,0,False
1231,2,1,ringworm,1,1,0,False
1232,2,1,ringworm,1,0,1,False
1233,2,1,ringworm,1,0,1,False
1234,2,1,ringworm,1,1,0,False
1236,2,1,ringworm,1,0,1,False
1237,2,1,ringworm,1,1,0,False
1238,2,1,ringworm,1,1,0,False
1239,2,1,ringworm,1,1,0,False
1240,2,1,ringworm,1,0,1,False
1241,2,1,ringworm,1,1,0,False
1242,2,1,ringworm,1,1,0,False
1244,2,1,ringworm,1,1,0,False
1245,2,1,ringworm,1,1,0,False
1246,2,1,ringworm,1,1,0,False
1248,2,1,ringworm,1,1,0,False
1249,2,1,ringworm,1,1,0,False
1250,2,1,ringworm,1,1,0,False
1251,2,1,ringworm,1,1,0,False
1252,2,1,ringworm,1,1,0,False
1253,2,1,ringworm,1,1,0,False
1254,2,1,ringworm,1,0,1,False
1255,2,1,ringworm,1,1,0,False
1258,2,1,ringworm,1,1,0,False
1259,2,1,ringworm,1,1,0,False
1260,2,1,ringworm,1,1,0,False
1261,2,1,ringworm,1,1,0,False
1263,2,1,ringworm,1,1,0,False
1264,2,1,ringworm,1,0,1,False
1265,2,1,ringworm,1,1,0,False
1266,2,1,ringworm,1,1,0,False
1267,2,1,ringworm,1,1,0,False
1268,2,1,ringworm,1,1,0,False
1269,2,1,ringworm,1,1,0,False
1270,2,1,ringworm,1,1,0,False
1271,2,1,ringworm,1,1,0,False
1272,2,1,ringworm,1,1,0,False
1273,2,1,ringworm,1,1,0,False
1274,2,1,ringworm,1,1,0,False
1275,2,1,ringworm,1,1,0,False
1276,2,1,ringworm,1,0,1,False
1277,2,1,ringworm,1,1,0,False
1278,2,1,ringworm,1,0,1,False
1279,2,1,ringworm,1,1,0,False
1280,2,1,ringworm,1,1,0,False
1281,2,1,ringworm,1,1,0,False
1282,2,1,ringworm,1,1,0,False
1283,2,1,ringworm,1,1,0,False
1284,2,1,ringworm,1,1,0,False
1285,2,1,ringworm,1,1,0,False
1286,2,1,ringworm,1,1,0,False
1287,2,1,ringworm,1,1,0,False
1288,2,1,ringworm,1,0,1,False
1289,2,1,ringworm,1,1,0,False
1290,2,1,ringworm,1,0,1,False
1291,2,1,ringworm,1,1,0,False
1292,2,1,ringworm,1,1,0,False
1293,2,1,ringworm,1,1,0,False
1294,2,1,ringworm,1,1,0,False
1295,2,1,ringworm,1,1,0,False
1296,2,1,ringworm,1,1,0,False
1297,2,1,ringworm,1,1,0,False
1299,2,1,ringworm,1,1,0,False
1300,2,1,ringworm,1,0,1,False
1302,2,1,ringworm,1,1,0,False
1303,2,1,ringworm,1,1,0,False
1304,2,1,ringworm,1,1,0,False
1305,2,1,ringworm,1,1,0,False
1306,2,1,ringworm,1,1,0,False
1307,2,1,ringworm,1,1,0,False
1308,2,1,ringworm,1,1,0,False
1309,2,1,ringworm,1,1,0,False
1310,2,1,ringworm,1,1,0,False
1311,2,1,ringworm,1,1,0,False
1312,2,1,ringworm,1,0,1,False
1313,2,1,ringworm,1,1,0,False
1314,2,1,ringworm,1,1,0,False
1315,2,1,ringworm,1,1,0,False
1317,2,1,ringworm,1,1,0,False
1318,2,1,ringworm,1,1,0,False
1320,2,1,ringworm,1,1,0,False
1322,2,1,ringworm,1,1,0,False
1323,2,1,ringworm,1,1,0,False
1324,2,1,ringworm,1,0,1,False
1325,2,1,ringworm,1,1,0,False
1326,2,1,ringworm,1,1,0,False
1327,2,1,ringworm,1,1,0,False
1328,2,1,ringworm,1,1,0,False
1329,2,1,ringworm,1,1,0,False
1330,2,1,ringworm,1,1,0,False
1331,2,1,ringworm,1,1,0,False
1332,2,1,ringworm,1,1,0,False
1333,2,1,ringworm,1,1,0,False
1335,2,1,ringworm,1,0,1,False
1337,2,1,ringworm,1,1,0,False
1338,2,1,ringworm,1,1,0,False
1339,2,1,ringworm,1,1,0,False
1340,2,1,ringworm,1,1,0,False
1341,2,1,ringworm,1,1,0,False
1343,2,1,ringworm,1,1,0,False
1344,2,1,ringworm,1,1,0,False
1345,2,1,ringworm,1,0,1,False
1346,2,1,ringworm,1,1,0,False
1347,2,1,ringworm,1,0,1,False
1348,2,1,ringworm,1,1,0,False
1349,2,1,ringworm,1,1,0,False
1350,2,1,ringworm,1,1,0,False
1351,2,1,ringworm,1,0,1,False
1352,2,1,ringworm,1,0,1,False
1353,2,1,ringworm,1,1,0,False
1354,2,1,ringworm,1,1,0,False
1355,2,1,ringworm,1,0,1,False
1356,2,1,ringworm,1,1,0,False
1357,2,1,scabies,1,1,0,False
1358,2,1,scabies,1,1,0,False
1360,2,1,scabies,1,1,0,False
1361,2,1,scabies,1,1,0,False
1363,2,1,scabies,1,1,0,False
1365,2,1,scabies,1,1,0,False
1366,2,1,scabies,1,1,0,False
1367,2,1,scabies,1,1,0,False
1369,2,1,scabies,1,0,1,False
1370,2,1,scabies,1,0,1,False
1371,2,1,scabies,1,0,1,False
1372,2,1,scabies,1,0,1,False
1373,2,1,ear_mites,1,0,1,False
1375,2,1,ear_mites,1,1,0,False
1376,2,1,ear_mites,1,1,0,False
1377,2,1,ear_mites,1,1,0,False
1378,2,1,ear_mites,1,1,0,False
1379,2,1,ear_mites,1,1,0,False
1380,2,1,ear_mites,1,1,0,False
1381,2,1,ear_mites,1,1,0,False
1382,2,1,ear_mites,1,1,0,False
1383,2,1,ear_mites,1,0,1,False
1384,2,1,ear_mites,1,1,0,False
1385,2,1,ear_mites,1,1,0,False
1386,2,1,ear_mites,1,1,0,False
1387,2,1,ear_mites,1,1,0,False
1389,2,1,tick_infestation,1,0,1,False
1390,2,1,tick_infestation,1,1,0,False
1391,2,1,eye_infection,1,1,0,False
1392,2,1,eye_infection,1,1,0,False
1393,2,1,eye_infection,1,1,0,False
1394,2,1,eye_infection,1,1,0,False
1395,2,1,eye_infection,1,1,0,False
1396,2,1,eye_infection,1,1,0,False
1397,2,1,eye_infection,1,1,0,False
1398,2,1,eye_infection,1,1,0,False
1399,2,1,eye_infection,1,1,0,False
1400,2,1,eye_infection,1,0,1,False
